"Date","Year","GDD10","GDD5","Precip"
"2018-01-01",2018,0,0,0
"2018-01-02",2018,0,0,0
"2018-01-03",2018,0,0,3
"2018-01-04",2018,0,0,3
"2018-01-05",2018,0,0,3
"2018-01-06",2018,0,0,3
"2018-01-07",2018,0,0,6
"2018-01-08",2018,0,0,13
"2018-01-09",2018,0,0,13
"2018-01-10",2018,0,0,13
"2018-01-11",2018,0,0,39
"2018-01-12",2018,0,0,52.8
"2018-01-13",2018,0,0,55.8
"2018-01-14",2018,0,0,55.8
"2018-01-15",2018,0,0,57.8
"2018-01-16",2018,0,0,60.8
"2018-01-17",2018,0,0,60.8
"2018-01-18",2018,0,0,60.8
"2018-01-19",2018,0,0,60.8
"2018-01-20",2018,0,0,60.8
"2018-01-21",2018,0,0,60.8
"2018-01-22",2018,0,0,70.2
"2018-01-23",2018,0,0,73.2
"2018-01-24",2018,0,0,73.2
"2018-01-25",2018,0,0,73.2
"2018-01-26",2018,0,0,73.2
"2018-01-27",2018,0,0,80
"2018-01-28",2018,0,0,80
"2018-01-29",2018,0,0,83
"2018-01-30",2018,0,0,85
"2018-01-31",2018,0,0,88
"2018-02-01",2018,0,0,88
"2018-02-02",2018,0,0,88
"2018-02-03",2018,0,0,95
"2018-02-04",2018,0,0,107
"2018-02-05",2018,0,0,107
"2018-02-06",2018,0,0,108
"2018-02-07",2018,0,0,118
"2018-02-08",2018,0,0,120
"2018-02-09",2018,0,0,122
"2018-02-10",2018,0,0,130
"2018-02-11",2018,0,0,130
"2018-02-12",2018,0,0,130
"2018-02-13",2018,0,0,130
"2018-02-14",2018,0,0,132
"2018-02-15",2018,0,0,132
"2018-02-16",2018,0,0,133
"2018-02-17",2018,0,0,133
"2018-02-18",2018,0,0,133
"2018-02-19",2018,0,0,152.4
"2018-02-20",2018,0,2.3,163.4
"2018-02-21",2018,0,4.3,167.4
"2018-02-22",2018,0,4.3,167.4
"2018-02-23",2018,0,4.3,171.2
"2018-02-24",2018,0,4.3,173.2
"2018-02-25",2018,0,4.3,180.2
"2018-02-26",2018,0,4.3,180.2
"2018-02-27",2018,0,4.3,180.2
"2018-02-28",2018,0,6.3,180.2
"2018-03-01",2018,0,6.3,180.2
"2018-03-02",2018,0,6.3,184.2
"2018-03-03",2018,0,6.3,184.2
"2018-03-04",2018,0,6.3,184.2
"2018-03-05",2018,0,6.3,184.2
"2018-03-06",2018,0,6.3,186.2
"2018-03-07",2018,0,6.3,191.2
"2018-03-08",2018,0,6.3,200.2
"2018-03-09",2018,0,6.3,204.2
"2018-03-10",2018,0,6.3,204.2
"2018-03-11",2018,0,6.3,204.2
"2018-03-12",2018,0,6.3,205.2
"2018-03-13",2018,0,6.3,211.2
"2018-03-14",2018,0,6.3,215.2
"2018-03-15",2018,0,6.3,215.2
"2018-03-16",2018,0,6.3,215.2
"2018-03-17",2018,0,6.3,215.2
"2018-03-18",2018,0,6.3,215.2
"2018-03-19",2018,0,6.3,215.2
"2018-03-20",2018,0,6.3,215.2
"2018-03-21",2018,0,6.3,215.2
"2018-03-22",2018,0,6.3,215.2
"2018-03-23",2018,0,6.3,215.2
"2018-03-24",2018,0,6.3,215.2
"2018-03-25",2018,0,6.3,215.2
"2018-03-26",2018,0,6.3,215.2
"2018-03-27",2018,0,6.3,218.8
"2018-03-28",2018,0,6.3,219.2
"2018-03-29",2018,0,6.8,234.2
"2018-03-30",2018,0,7.1,234.2
"2018-03-31",2018,0,7.1,237.4
"2018-04-01",2018,0,7.1,237.4
"2018-04-02",2018,0,7.1,237.4
"2018-04-03",2018,0,7.1,261.2
"2018-04-04",2018,0,7.1,267.2
"2018-04-05",2018,0,7.1,267.2
"2018-04-06",2018,0,7.1,268.8
"2018-04-07",2018,0,7.1,268.8
"2018-04-08",2018,0,7.1,268.8
"2018-04-09",2018,0,7.1,268.8
"2018-04-10",2018,0,7.1,268.8
"2018-04-11",2018,0,7.1,269
"2018-04-12",2018,0,7.1,279.2
"2018-04-13",2018,0,7.1,287.6
"2018-04-14",2018,0,7.1,287.6
"2018-04-15",2018,0,7.1,297.6
"2018-04-16",2018,0,7.1,322.4
"2018-04-17",2018,0,7.1,322.4
"2018-04-18",2018,0,9.6,322.4
"2018-04-19",2018,0,9.6,322.4
"2018-04-20",2018,0,9.6,322.4
"2018-04-21",2018,0,10.6,322.4
"2018-04-22",2018,0,13.1,322.4
"2018-04-23",2018,0,16.9,322.4
"2018-04-24",2018,2.5,24.4,323.2
"2018-04-25",2018,2.5,29.4,335
"2018-04-26",2018,2.5,33.9,337.6
"2018-04-27",2018,2.5,37.4,341.6
"2018-04-28",2018,2.5,41.9,355.4
"2018-04-29",2018,2.5,41.9,355.8
"2018-04-30",2018,5,49.4,355.8
"2018-05-01",2018,7,56.4,355.8
"2018-05-02",2018,14,68.4,355.8
"2018-05-03",2018,20.3,79.7,359.6
"2018-05-04",2018,27.1,91.5,362.4
"2018-05-05",2018,31.1,100.5,362.4
"2018-05-06",2018,36.9,111.3,362.4
"2018-05-07",2018,39.4,118.8,362.4
"2018-05-08",2018,41.2,125.6,362.4
"2018-05-09",2018,47.2,136.6,362.4
"2018-05-10",2018,51.2,145.6,368.4
"2018-05-11",2018,51.2,148.4,368.4
"2018-05-12",2018,51.2,152.9,368.4
"2018-05-13",2018,53.2,159.9,368.4
"2018-05-14",2018,58.2,169.9,372.8
"2018-05-15",2018,62.7,179.4,380.8
"2018-05-16",2018,66.7,188.4,380.8
"2018-05-17",2018,72.2,198.9,380.8
"2018-05-18",2018,74.2,205.9,380.8
"2018-05-19",2018,76.5,213.2,391
"2018-05-20",2018,81.8,223.5,391
"2018-05-21",2018,86.3,233,391
"2018-05-22",2018,90.1,241.8,392.4
"2018-05-23",2018,97.4,254.1,392.4
"2018-05-24",2018,102.7,264.4,392.4
"2018-05-25",2018,112,278.7,392.4
"2018-05-26",2018,122.8,294.5,393
"2018-05-27",2018,133.6,310.3,393
"2018-05-28",2018,144.1,325.8,393
"2018-05-29",2018,156.1,342.8,393
"2018-05-30",2018,167.4,359.1,393
"2018-05-31",2018,179.2,375.9,397.8
"2018-06-01",2018,191.5,393.2,398.2
"2018-06-02",2018,198.5,405.2,398.2
"2018-06-03",2018,204.8,416.5,423.4
"2018-06-04",2018,209.8,426.5,424.4
"2018-06-05",2018,211.3,433,425
"2018-06-06",2018,214.8,441.5,425
"2018-06-07",2018,219.8,451.5,425
"2018-06-08",2018,227.1,463.8,425
"2018-06-09",2018,234.1,475.8,425
"2018-06-10",2018,240.6,487.3,425
"2018-06-11",2018,246.9,498.6,425
"2018-06-12",2018,252.9,509.6,427
"2018-06-13",2018,260.9,522.6,442
"2018-06-14",2018,266.9,533.6,442
"2018-06-15",2018,273.9,545.6,442
"2018-06-16",2018,282.9,559.6,442
"2018-06-17",2018,293.2,574.9,442.6
"2018-06-18",2018,307.5,594.2,446.2
"2018-06-19",2018,316.5,608.2,446.2
"2018-06-20",2018,324.3,621,446.2
"2018-06-21",2018,331.1,632.8,446.2
"2018-06-22",2018,337.9,644.6,447.2
"2018-06-23",2018,345.9,657.6,448.2
"2018-06-24",2018,354.9,671.6,448.2
"2018-06-25",2018,361.2,682.9,448.2
"2018-06-26",2018,367,693.7,448.2
"2018-06-27",2018,374,705.7,460.4
"2018-06-28",2018,386,722.7,460.8
"2018-06-29",2018,400,741.7,461.2
"2018-06-30",2018,414.5,761.2,461.2
"2018-07-01",2018,431,782.7,461.2
"2018-07-02",2018,448.5,805.2,461.2
"2018-07-03",2018,462.5,824.2,461.2
"2018-07-04",2018,479,845.7,461.2
"2018-07-05",2018,492.8,864.5,461.2
"2018-07-06",2018,502.1,878.8,461.2
"2018-07-07",2018,510.4,892.1,461.2
"2018-07-08",2018,520.9,907.6,461.2
"2018-07-09",2018,533.4,925.1,461.2
"2018-07-10",2018,548.2,944.9,462.2
"2018-07-11",2018,557.7,959.4,462.2
"2018-07-12",2018,568.7,975.4,462.2
"2018-07-13",2018,582,993.7,462.2
"2018-07-14",2018,597.3,1014,462.2
"2018-07-15",2018,612.8,1034.5,462.2
"2018-07-16",2018,627.8,1054.5,470.8
"2018-07-17",2018,643.1,1074.8,470.8
"2018-07-18",2018,652.1,1088.8,470.8
"2018-07-19",2018,660.9,1102.6,470.8
"2018-07-20",2018,673.4,1120.1,470.8
"2018-07-21",2018,687.4,1139.1,473
"2018-07-22",2018,699.7,1156.4,478.4
"2018-07-23",2018,714.7,1176.4,482.4
"2018-07-24",2018,728.7,1195.4,504
"2018-07-25",2018,742.7,1214.4,526.6
"2018-07-26",2018,755,1231.7,526.6
"2018-07-27",2018,767.3,1249,526.6
"2018-07-28",2018,777.6,1264.3,526.6
"2018-07-29",2018,787.4,1279.1,526.6
"2018-07-30",2018,797.4,1294.1,526.6
"2018-07-31",2018,809.7,1311.4,531
"2018-08-01",2018,822.7,1329.4,535.2
"2018-08-02",2018,836.2,1347.9,535.2
"2018-08-03",2018,850,1366.7,535.2
"2018-08-04",2018,864.3,1386,535.2
"2018-08-05",2018,878.6,1405.3,543.4
"2018-08-06",2018,895.6,1427.3,544.2
"2018-08-07",2018,909.6,1446.3,544.2
"2018-08-08",2018,920.9,1462.6,555.4
"2018-08-09",2018,933.2,1479.9,555.4
"2018-08-10",2018,943.2,1494.9,555.4
"2018-08-11",2018,952,1508.7,555.4
"2018-08-12",2018,963.8,1525.5,555.4
"2018-08-13",2018,975.6,1542.3,555.4
"2018-08-14",2018,988.4,1560.1,557.8
"2018-08-15",2018,1001.7,1578.4,574.4
"2018-08-16",2018,1013.7,1595.4,575.2
"2018-08-17",2018,1027,1613.7,580.6
"2018-08-18",2018,1038,1629.7,580.6
"2018-08-19",2018,1048.8,1645.5,580.6
"2018-08-20",2018,1059.1,1660.8,580.6
"2018-08-21",2018,1069.1,1675.8,607
"2018-08-22",2018,1079.1,1690.8,607
"2018-08-23",2018,1087.1,1703.8,607
"2018-08-24",2018,1098.4,1720.1,607
"2018-08-25",2018,1109.7,1736.4,608.2
"2018-08-26",2018,1123.2,1754.9,608.2
"2018-08-27",2018,1133.5,1770.2,632.4
"2018-08-28",2018,1148,1789.7,632.4
"2018-08-29",2018,1162.5,1809.2,632.4
"2018-08-30",2018,1169,1820.7,632.4
"2018-08-31",2018,1175.8,1832.5,632.4
"2018-09-01",2018,1187.6,1849.3,632.4
"2018-09-02",2018,1201.1,1867.8,632.4
"2018-09-03",2018,1216.9,1888.6,632.4
"2018-09-04",2018,1228.7,1905.4,632.4
"2018-09-05",2018,1243.7,1925.4,632.4
"2018-09-06",2018,1256.5,1943.2,632.4
"2018-09-07",2018,1263,1954.7,632.4
"2018-09-08",2018,1266.5,1963.2,632.4
"2018-09-09",2018,1268.5,1970.2,632.4
"2018-09-10",2018,1271.3,1978,639.8
"2018-09-11",2018,1277.8,1989.5,641.2
"2018-09-12",2018,1287.8,2004.5,641.2
"2018-09-13",2018,1297.3,2019,641.2
"2018-09-14",2018,1308.6,2035.3,641.2
"2018-09-15",2018,1321.6,2053.3,641.2
"2018-09-16",2018,1334.9,2071.6,641.2
"2018-09-17",2018,1347.4,2089.1,641.2
"2018-09-18",2018,1359.9,2106.6,641.2
"2018-09-19",2018,1364.4,2116.1,641.2
"2018-09-20",2018,1367.7,2124.4,657.4
"2018-09-21",2018,1378.5,2140.2,666.4
"2018-09-22",2018,1381,2147.7,666.4
"2018-09-23",2018,1382,2153.7,666.4
"2018-09-24",2018,1382.3,2159,674.4
"2018-09-25",2018,1387.6,2169.3,690.8
"2018-09-26",2018,1396.4,2183.1,700.2
"2018-09-27",2018,1397.7,2189.4,700.2
"2018-09-28",2018,1402,2198.7,706.2
"2018-09-29",2018,1403.8,2205.5,706.2
"2018-09-30",2018,1403.8,2209.5,711
"2018-10-01",2018,1403.8,2213,718.4
"2018-10-02",2018,1403.8,2216.5,727.4
"2018-10-03",2018,1406.8,2224.5,727.4
"2018-10-04",2018,1413.8,2236.5,730.4
"2018-10-05",2018,1413.8,2238.3,730.4
"2018-10-06",2018,1413.8,2243.3,734
"2018-10-07",2018,1413.8,2247.6,734
"2018-10-08",2018,1416.6,2255.4,734
"2018-10-09",2018,1423.9,2267.7,734
"2018-10-10",2018,1434.9,2283.7,738.8
"2018-10-11",2018,1444.7,2298.5,739.8
"2018-10-12",2018,1444.7,2301.8,739.8
"2018-10-13",2018,1444.7,2303.8,739.8
"2018-10-14",2018,1444.7,2305.1,739.8
"2018-10-15",2018,1444.7,2309.9,742.2
"2018-10-16",2018,1444.7,2310.2,742.2
"2018-10-17",2018,1444.7,2312.7,742.2
"2018-10-18",2018,1444.7,2312.7,742.2
"2018-10-19",2018,1444.7,2316,744.6
"2018-10-20",2018,1444.7,2320.8,744.6
"2018-10-21",2018,1444.7,2320.8,744.6
"2018-10-22",2018,1444.7,2320.8,744.6
"2018-10-23",2018,1444.7,2322.3,744.6
"2018-10-24",2018,1444.7,2322.3,744.6
"2018-10-25",2018,1444.7,2322.3,744.6
"2018-10-26",2018,1444.7,2322.3,744.6
"2018-10-27",2018,1444.7,2322.3,752
"2018-10-28",2018,1444.7,2322.3,756
"2018-10-29",2018,1444.7,2322.3,756.2
"2018-10-30",2018,1444.7,2322.3,756.2
"2018-10-31",2018,1444.7,2323.3,762.8
"2018-11-01",2018,1444.7,2324.8,784.4
"2018-11-02",2018,1444.7,2324.8,785.6
"2018-11-03",2018,1444.7,2324.8,787
"2018-11-04",2018,1444.7,2324.8,787
"2018-11-05",2018,1444.7,2324.8,787.8
"2018-11-06",2018,1444.7,2329.6,791.8
"2018-11-07",2018,1444.7,2332.6,791.8
"2018-11-08",2018,1444.7,2332.6,791.8
"2018-11-09",2018,1444.7,2332.6,811
"2018-11-10",2018,1444.7,2332.6,811
"2018-11-11",2018,1444.7,2332.6,811
"2018-11-12",2018,1444.7,2332.6,812
"2018-11-13",2018,1444.7,2332.6,812
"2018-11-14",2018,1444.7,2332.6,812
"2018-11-15",2018,1444.7,2332.6,822
"2018-11-16",2018,1444.7,2332.6,826
"2018-11-17",2018,1444.7,2332.6,826
"2018-11-18",2018,1444.7,2332.6,826
"2018-11-19",2018,1444.7,2332.6,826
"2018-11-20",2018,1444.7,2332.6,827
"2018-11-21",2018,1444.7,2332.6,828
"2018-11-22",2018,1444.7,2332.6,828
"2018-11-23",2018,1444.7,2332.6,828
"2018-11-24",2018,1444.7,2332.6,834.4
"2018-11-25",2018,1444.7,2332.6,834.4
"2018-11-26",2018,1444.7,2332.6,859.6
"2018-11-27",2018,1444.7,2332.6,868.6
"2018-11-28",2018,1444.7,2332.6,868.6
"2018-11-29",2018,1444.7,2332.6,868.6
"2018-11-30",2018,1444.7,2332.6,868.6
"2018-12-01",2018,1444.7,2332.6,873.6
"2018-12-02",2018,1444.7,2332.6,881
"2018-12-03",2018,1444.7,2332.6,883
"2018-12-04",2018,1444.7,2332.6,884
"2018-12-05",2018,1444.7,2332.6,884
"2018-12-06",2018,1444.7,2332.6,884
"2018-12-07",2018,1444.7,2332.6,884
"2018-12-08",2018,1444.7,2332.6,884
"2018-12-09",2018,1444.7,2332.6,884
"2018-12-10",2018,1444.7,2332.6,884
"2018-12-11",2018,1444.7,2332.6,886
"2018-12-12",2018,1444.7,2332.6,886
"2018-12-13",2018,1444.7,2332.6,886
"2018-12-14",2018,1444.7,2332.6,892
"2018-12-15",2018,1444.7,2332.6,892
"2018-12-16",2018,1444.7,2332.6,892
"2018-12-17",2018,1444.7,2332.6,892
"2018-12-18",2018,1444.7,2332.6,892
"2018-12-19",2018,1444.7,2332.6,892
"2018-12-20",2018,1444.7,2332.6,925.8
"2018-12-21",2018,1444.7,2334.6,947.2
"2018-12-22",2018,1444.7,2334.6,947.2
"2018-12-23",2018,1444.7,2334.6,950.2
"2018-12-24",2018,1444.7,2334.6,950.2
"2018-12-25",2018,1444.7,2334.6,950.2
"2018-12-26",2018,1444.7,2334.6,951.2
"2018-12-27",2018,1444.7,2334.6,959.2
"2018-12-28",2018,1444.7,2334.6,961.2
"2018-12-29",2018,1444.7,2334.6,961.2
"2018-12-30",2018,1444.7,2334.6,961.2
"2018-12-31",2018,1444.7,2334.6,974
"2019-01-01",2019,0,0,0
"2019-01-02",2019,0,0,13
"2019-01-03",2019,0,0,13
"2019-01-04",2019,0,0,13
"2019-01-05",2019,0,0,13
"2019-01-06",2019,0,0,13
"2019-01-07",2019,0,0,20.6
"2019-01-08",2019,0,0,28.2
"2019-01-09",2019,0,0,28.2
"2019-01-10",2019,0,0,28.2
"2019-01-11",2019,0,0,28.2
"2019-01-12",2019,0,0,28.2
"2019-01-13",2019,0,0,28.2
"2019-01-14",2019,0,0,28.2
"2019-01-15",2019,0,0,28.2
"2019-01-16",2019,0,0,28.2
"2019-01-17",2019,0,0,29.2
"2019-01-18",2019,0,0,30.2
"2019-01-19",2019,0,0,48.2
"2019-01-20",2019,0,0,48.2
"2019-01-21",2019,0,0,48.2
"2019-01-22",2019,0,0,49.2
"2019-01-23",2019,0,0,68.4
"2019-01-24",2019,0,0,72.6
"2019-01-25",2019,0,0,72.6
"2019-01-26",2019,0,0,80.6
"2019-01-27",2019,0,0,80.6
"2019-01-28",2019,0,0,85.6
"2019-01-29",2019,0,0,91.6
"2019-01-30",2019,0,0,91.6
"2019-01-31",2019,0,0,91.6
"2019-02-01",2019,0,0,91.6
"2019-02-02",2019,0,0,91.6
"2019-02-03",2019,0,0,97.4
"2019-02-04",2019,0,0,105
"2019-02-05",2019,0,0,105
"2019-02-06",2019,0,0,108
"2019-02-07",2019,0,0,113.4
"2019-02-08",2019,0,0,113.4
"2019-02-09",2019,0,0,113.4
"2019-02-10",2019,0,0,113.4
"2019-02-11",2019,0,0,113.4
"2019-02-12",2019,0,0,133.4
"2019-02-13",2019,0,0,135.4
"2019-02-14",2019,0,0,135.4
"2019-02-15",2019,0,0,138.4
"2019-02-16",2019,0,0,138.4
"2019-02-17",2019,0,0,140.4
"2019-02-18",2019,0,0,140.4
"2019-02-19",2019,0,0,140.4
"2019-02-20",2019,0,0,143.4
"2019-02-21",2019,0,0,147.6
"2019-02-22",2019,0,0,147.6
"2019-02-23",2019,0,0,150.2
"2019-02-24",2019,0,0,162.2
"2019-02-25",2019,0,0,162.2
"2019-02-26",2019,0,0,162.2
"2019-02-27",2019,0,0,166.2
"2019-02-28",2019,0,0,166.2
"2019-03-01",2019,0,0,166.2
"2019-03-02",2019,0,0,168.2
"2019-03-03",2019,0,0,168.2
"2019-03-04",2019,0,0,168.2
"2019-03-05",2019,0,0,177.2
"2019-03-06",2019,0,0,177.2
"2019-03-07",2019,0,0,177.2
"2019-03-08",2019,0,0,177.2
"2019-03-09",2019,0,0,184.2
"2019-03-10",2019,0,0,187.8
"2019-03-11",2019,0,0,187.8
"2019-03-12",2019,0,0,187.8
"2019-03-13",2019,0,0,189.8
"2019-03-14",2019,0,0,192.8
"2019-03-15",2019,0,1.5,193
"2019-03-16",2019,0,1.5,193
"2019-03-17",2019,0,1.5,193
"2019-03-18",2019,0,1.5,193
"2019-03-19",2019,0,1.5,193
"2019-03-20",2019,0,1.5,193
"2019-03-21",2019,0,1.5,195.6
"2019-03-22",2019,0,1.5,196.8
"2019-03-23",2019,0,1.5,196.8
"2019-03-24",2019,0,1.5,196.8
"2019-03-25",2019,0,1.5,196.8
"2019-03-26",2019,0,1.5,196.8
"2019-03-27",2019,0,1.5,196.8
"2019-03-28",2019,0,1.5,200.4
"2019-03-29",2019,0,2.8,203.6
"2019-03-30",2019,0,2.8,248
"2019-03-31",2019,0,2.8,248
"2019-04-01",2019,0,2.8,248
"2019-04-02",2019,0,2.8,248
"2019-04-03",2019,0,2.8,248
"2019-04-04",2019,0,2.8,248
"2019-04-05",2019,0,2.8,249.4
"2019-04-06",2019,0,4.6,249.6
"2019-04-07",2019,0,8.1,252.2
"2019-04-08",2019,0,10.4,256.2
"2019-04-09",2019,0,10.4,259.4
"2019-04-10",2019,0,10.4,259.4
"2019-04-11",2019,0,10.4,259.4
"2019-04-12",2019,0.800000000000001,16.2,262
"2019-04-13",2019,0.800000000000001,21.2,262.4
"2019-04-14",2019,0.800000000000001,21.2,292.4
"2019-04-15",2019,0.800000000000001,21.2,293
"2019-04-16",2019,0.800000000000001,22.2,293
"2019-04-17",2019,0.800000000000001,23.2,293.8
"2019-04-18",2019,1.8,29.2,294.4
"2019-04-19",2019,1.8,32,316.2
"2019-04-20",2019,1.8,32.8,321.8
"2019-04-21",2019,1.8,35.8,321.8
"2019-04-22",2019,4.1,43.1,321.8
"2019-04-23",2019,8.6,52.6,327.6
"2019-04-24",2019,8.6,54.4,327.6
"2019-04-25",2019,8.6,57.7,328.4
"2019-04-26",2019,10.1,64.2,341.8
"2019-04-27",2019,10.1,64.2,342.2
"2019-04-28",2019,10.1,65.2,342.2
"2019-04-29",2019,10.1,65.2,342.4
"2019-04-30",2019,10.1,68.7,342.4
"2019-05-01",2019,10.1,69.5,352
"2019-05-02",2019,10.1,69.5,355.2
"2019-05-03",2019,10.1,71.8,363.4
"2019-05-04",2019,11.1,77.8,363.4
"2019-05-05",2019,13.1,84.8,363.4
"2019-05-06",2019,16.6,93.3,364
"2019-05-07",2019,20.9,102.6,364
"2019-05-08",2019,20.9,105.4,364
"2019-05-09",2019,22.2,111.7,389
"2019-05-10",2019,26.2,120.7,400.4
"2019-05-11",2019,26.2,124.7,400.4
"2019-05-12",2019,26.5,130,400.4
"2019-05-13",2019,26.5,132.5,422.4
"2019-05-14",2019,26.5,135,423
"2019-05-15",2019,27,140.5,423
"2019-05-16",2019,27,145,430.6
"2019-05-17",2019,29.8,152.8,430.6
"2019-05-18",2019,30.8,158.8,433
"2019-05-19",2019,37.6,170.6,440.6
"2019-05-20",2019,44.9,182.9,441.2
"2019-05-21",2019,47.2,190.2,441.2
"2019-05-22",2019,49.7,197.7,441.6
"2019-05-23",2019,55,208,443.6
"2019-05-24",2019,60.5,218.5,443.6
"2019-05-25",2019,63,226,461.8
"2019-05-26",2019,71.3,239.3,461.8
"2019-05-27",2019,75.6,248.6,463.6
"2019-05-28",2019,76.6,254.6,473.4
"2019-05-29",2019,78.4,261.4,473.4
"2019-05-30",2019,81.4,269.4,473.4
"2019-05-31",2019,85.2,278.2,474.6
"2019-06-01",2019,90.5,288.5,477.8
"2019-06-02",2019,96.3,299.3,480
"2019-06-03",2019,97.3,305.3,481
"2019-06-04",2019,98.3,311.3,493.2
"2019-06-05",2019,101.6,319.6,500.4
"2019-06-06",2019,108.1,331.1,500.4
"2019-06-07",2019,114.9,342.9,500.4
"2019-06-08",2019,121.7,354.7,500.4
"2019-06-09",2019,130.5,368.5,500.4
"2019-06-10",2019,136.8,379.8,521
"2019-06-11",2019,143.6,391.6,521
"2019-06-12",2019,147.9,400.9,521
"2019-06-13",2019,151.9,409.9,534.2
"2019-06-14",2019,157.9,420.9,534.6
"2019-06-15",2019,165.9,433.9,535.6
"2019-06-16",2019,170.7,443.7,535.6
"2019-06-17",2019,176.7,454.7,535.6
"2019-06-18",2019,186.7,469.7,535.6
"2019-06-19",2019,195.7,483.7,535.6
"2019-06-20",2019,202.7,495.7,542.2
"2019-06-21",2019,212,510,542.2
"2019-06-22",2019,220.8,523.8,542.2
"2019-06-23",2019,230.6,538.6,542.2
"2019-06-24",2019,239.9,552.9,544.6
"2019-06-25",2019,251.9,569.9,544.6
"2019-06-26",2019,263.2,586.2,546.8
"2019-06-27",2019,275.2,603.2,546.8
"2019-06-28",2019,287,620,549
"2019-06-29",2019,299.5,637.5,550
"2019-06-30",2019,309,652,550
"2019-07-01",2019,318,666,552.6
"2019-07-02",2019,330,683,552.6
"2019-07-03",2019,343,701,552.6
"2019-07-04",2019,356.5,719.5,552.6
"2019-07-05",2019,373,741,552.6
"2019-07-06",2019,389,762,552.6
"2019-07-07",2019,399,777,552.6
"2019-07-08",2019,408,791,552.6
"2019-07-09",2019,418.5,806.5,552.6
"2019-07-10",2019,429.5,822.5,552.6
"2019-07-11",2019,445,843,552.6
"2019-07-12",2019,455.3,858.3,552.6
"2019-07-13",2019,466.6,874.6,554.2
"2019-07-14",2019,477.4,890.4,554.2
"2019-07-15",2019,487.2,905.2,555
"2019-07-16",2019,500.5,923.5,555
"2019-07-17",2019,513.8,941.8,557.2
"2019-07-18",2019,526.1,959.1,557.2
"2019-07-19",2019,541.9,979.9,557.2
"2019-07-20",2019,558.9,1001.9,557.2
"2019-07-21",2019,575.2,1023.2,557.2
"2019-07-22",2019,587,1040,557.2
"2019-07-23",2019,597.3,1055.3,557.2
"2019-07-24",2019,606.6,1069.6,557.2
"2019-07-25",2019,619.153333333333,1087.15333333333,558.08
"2019-07-26",2019,631.453333333333,1104.45333333333,558.08
"2019-07-27",2019,644.253333333333,1122.25333333333,558.68
"2019-07-28",2019,659.253333333333,1142.25333333333,559.28
"2019-07-29",2019,673.053333333333,1161.05333333333,572.28
"2019-07-30",2019,686.353333333333,1179.35333333333,577.28
"2019-07-31",2019,698.153333333333,1196.15333333333,577.28
"2019-08-01",2019,707.953333333333,1210.95333333333,577.28
"2019-08-02",2019,718.753333333333,1226.75333333333,577.28
"2019-08-03",2019,730.553333333333,1243.55333333333,583.88
"2019-08-04",2019,740.553333333333,1258.55333333333,583.88
"2019-08-05",2019,749.853333333333,1272.85333333333,583.88
"2019-08-06",2019,762.853333333333,1290.85333333333,609.88
"2019-08-07",2019,773.153333333333,1306.15333333333,615.48
"2019-08-08",2019,784.153333333333,1322.15333333333,618.28
"2019-08-09",2019,793.453333333333,1336.45333333333,622.68
"2019-08-10",2019,800.953333333333,1348.95333333333,629.08
"2019-08-11",2019,809.953333333333,1362.95333333333,629.08
"2019-08-12",2019,821.253333333333,1379.25333333333,629.08
"2019-08-13",2019,833.253333333333,1396.25333333333,629.08
"2019-08-14",2019,842.753333333333,1410.75333333333,629.08
"2019-08-15",2019,850.253333333333,1423.25333333333,629.48
"2019-08-16",2019,861.553333333333,1439.55333333333,629.48
"2019-08-17",2019,872.053333333333,1455.05333333333,632.08
"2019-08-18",2019,884.353333333333,1472.35333333333,632.08
"2019-08-19",2019,898.853333333333,1491.85333333333,632.48
"2019-08-20",2019,908.153333333333,1506.15333333333,632.48
"2019-08-21",2019,922.153333333333,1525.15333333333,635.68
"2019-08-22",2019,933.453333333333,1541.45333333333,635.68
"2019-08-23",2019,939.753333333333,1552.75333333333,635.68
"2019-08-24",2019,947.053333333333,1565.05333333333,635.68
"2019-08-25",2019,954.553333333333,1577.55333333333,635.68
"2019-08-26",2019,964.053333333333,1592.05333333333,635.68
"2019-08-27",2019,972.853333333333,1605.85333333333,645.48
"2019-08-28",2019,984.653333333333,1622.65333333333,647.28
"2019-08-29",2019,993.453333333333,1636.45333333333,647.28
"2019-08-30",2019,1002.75333333333,1650.75333333333,647.28
"2019-08-31",2019,1008.75333333333,1661.75333333333,647.28
"2019-09-01",2019,1016.55333333333,1674.55333333333,655.08
"2019-09-02",2019,1026.35333333333,1689.35333333333,657.28
"2019-09-03",2019,1032.85333333333,1700.85333333333,670.28
"2019-09-04",2019,1039.85333333333,1712.85333333333,670.28
"2019-09-05",2019,1044.15333333333,1722.15333333333,670.28
"2019-09-06",2019,1051.15333333333,1734.15333333333,677.08
"2019-09-07",2019,1056.65333333333,1744.65333333333,680.48
"2019-09-08",2019,1059.65333333333,1752.65333333333,680.48
"2019-09-09",2019,1061.15333333333,1759.15333333333,680.48
"2019-09-10",2019,1064.45333333333,1767.45333333333,688.08
"2019-09-11",2019,1076.75333333333,1784.75333333333,688.48
"2019-09-12",2019,1082.75333333333,1795.75333333333,688.48
"2019-09-13",2019,1086.75333333333,1804.75333333333,700.28
"2019-09-14",2019,1096.05333333333,1819.05333333333,700.28
"2019-09-15",2019,1100.05333333333,1828.05333333333,700.68
"2019-09-16",2019,1103.85333333333,1836.85333333333,700.68
"2019-09-17",2019,1108.65333333333,1846.65333333333,700.68
"2019-09-18",2019,1114.95333333333,1857.95333333333,700.68
"2019-09-19",2019,1119.75333333333,1867.75333333333,700.68
"2019-09-20",2019,1126.75333333333,1879.75333333333,700.68
"2019-09-21",2019,1135.75333333333,1893.75333333333,700.68
"2019-09-22",2019,1147.25333333333,1910.25333333333,702.28
"2019-09-23",2019,1159.75333333333,1927.75333333333,711.48
"2019-09-24",2019,1165.25333333333,1938.25333333333,711.48
"2019-09-25",2019,1169.75333333333,1947.75333333333,711.48
"2019-09-26",2019,1176.25333333333,1959.25333333333,714.88
"2019-09-27",2019,1179.55333333333,1967.55333333333,714.88
"2019-09-28",2019,1188.05333333333,1981.05333333333,719.48
"2019-09-29",2019,1188.55333333333,1986.55333333333,719.48
"2019-09-30",2019,1190.55333333333,1993.55333333333,727.08
"2019-10-01",2019,1199.85333333333,2007.85333333333,747.68
"2019-10-02",2019,1201.35333333333,2014.35333333333,751.08
"2019-10-03",2019,1201.35333333333,2017.35333333333,752.08
"2019-10-04",2019,1201.35333333333,2019.85333333333,752.08
"2019-10-05",2019,1201.35333333333,2020.85333333333,752.08
"2019-10-06",2019,1202.85333333333,2027.35333333333,755.88
"2019-10-07",2019,1206.65333333333,2036.15333333333,755.88
"2019-10-08",2019,1207.15333333333,2041.65333333333,755.88
"2019-10-09",2019,1207.15333333333,2045.15333333333,755.88
"2019-10-10",2019,1207.45333333333,2050.45333333333,755.88
"2019-10-11",2019,1209.25333333333,2057.25333333333,755.88
"2019-10-12",2019,1209.75333333333,2062.75333333333,757.88
"2019-10-13",2019,1209.75333333333,2066.05333333333,757.88
"2019-10-14",2019,1209.75333333333,2069.35333333333,757.88
"2019-10-15",2019,1209.75333333333,2071.65333333333,757.88
"2019-10-16",2019,1209.75333333333,2076.15333333333,790.48
"2019-10-17",2019,1209.75333333333,2079.95333333333,793.08
"2019-10-18",2019,1209.75333333333,2082.95333333333,793.08
"2019-10-19",2019,1209.75333333333,2082.95333333333,793.08
"2019-10-20",2019,1209.75333333333,2086.45333333333,793.08
"2019-10-21",2019,1209.75333333333,2090.95333333333,793.08
"2019-10-22",2019,1211.25333333333,2097.45333333333,820.48
"2019-10-23",2019,1212.05333333333,2103.25333333333,820.88
"2019-10-24",2019,1213.35333333333,2109.55333333333,821.88
"2019-10-25",2019,1213.35333333333,2111.85333333333,821.88
"2019-10-26",2019,1213.35333333333,2113.15333333333,854.28
"2019-10-27",2019,1213.35333333333,2117.65333333333,862.68
"2019-10-28",2019,1215.15333333333,2124.45333333333,862.68
"2019-10-29",2019,1217.65333333333,2131.95333333333,862.68
"2019-10-30",2019,1219.15333333333,2138.45333333333,864.48
"2019-10-31",2019,1220.45333333333,2144.75333333333,903.48
"2019-11-01",2019,1220.45333333333,2144.75333333333,903.48
"2019-11-02",2019,1220.45333333333,2144.75333333333,904.68
"2019-11-03",2019,1220.45333333333,2144.75333333333,906.48
"2019-11-04",2019,1220.45333333333,2144.75333333333,909.68
"2019-11-05",2019,1220.45333333333,2147.55333333333,910.48
"2019-11-06",2019,1220.45333333333,2147.55333333333,920.48
"2019-11-07",2019,1220.45333333333,2147.55333333333,922.48
"2019-11-08",2019,1220.45333333333,2147.55333333333,922.48
"2019-11-09",2019,1220.45333333333,2147.55333333333,922.48
"2019-11-10",2019,1220.45333333333,2147.55333333333,923.48
"2019-11-11",2019,1220.45333333333,2147.55333333333,935.48
"2019-11-12",2019,1220.45333333333,2147.55333333333,935.48
"2019-11-13",2019,1220.45333333333,2147.55333333333,936.48
"2019-11-14",2019,1220.45333333333,2147.55333333333,938.48
"2019-11-15",2019,1220.45333333333,2147.55333333333,938.48
"2019-11-16",2019,1220.45333333333,2147.55333333333,938.48
"2019-11-17",2019,1220.45333333333,2147.55333333333,938.48
"2019-11-18",2019,1220.45333333333,2147.55333333333,938.48
"2019-11-19",2019,1220.45333333333,2147.55333333333,938.48
"2019-11-20",2019,1220.45333333333,2147.55333333333,938.48
"2019-11-21",2019,1220.45333333333,2147.55333333333,941.08
"2019-11-22",2019,1220.45333333333,2147.55333333333,941.08
"2019-11-23",2019,1220.45333333333,2147.55333333333,941.08
"2019-11-24",2019,1220.45333333333,2147.55333333333,941.08
"2019-11-25",2019,1220.45333333333,2147.55333333333,941.08
"2019-11-26",2019,1220.45333333333,2149.05333333333,941.08
"2019-11-27",2019,1220.45333333333,2149.05333333333,951.08
"2019-11-28",2019,1220.45333333333,2149.05333333333,951.08
"2019-11-29",2019,1220.45333333333,2149.05333333333,951.08
"2019-11-30",2019,1220.45333333333,2149.05333333333,951.08
"2019-12-01",2019,1220.45333333333,2149.05333333333,964.08
"2019-12-02",2019,1220.45333333333,2149.05333333333,966.08
"2019-12-03",2019,1220.45333333333,2149.05333333333,966.08
"2019-12-04",2019,1220.45333333333,2149.05333333333,966.08
"2019-12-05",2019,1220.45333333333,2149.05333333333,974.08
"2019-12-06",2019,1220.45333333333,2149.05333333333,976.08
"2019-12-07",2019,1220.45333333333,2149.05333333333,976.08
"2019-12-08",2019,1220.45333333333,2149.05333333333,977.68
"2019-12-09",2019,1220.45333333333,2149.35333333333,984.88
"2019-12-10",2019,1220.45333333333,2149.35333333333,984.88
"2019-12-11",2019,1220.45333333333,2149.35333333333,986.88
"2019-12-12",2019,1220.45333333333,2149.35333333333,986.88
"2019-12-13",2019,1220.45333333333,2149.35333333333,989.48
"2019-12-14",2019,1220.45333333333,2149.35333333333,1004.48
"2019-12-15",2019,1220.45333333333,2149.35333333333,1004.48
"2019-12-16",2019,1220.45333333333,2149.35333333333,1004.48
"2019-12-17",2019,1220.45333333333,2149.35333333333,1009.48
"2019-12-18",2019,1220.45333333333,2149.35333333333,1011.48
"2019-12-19",2019,1220.45333333333,2149.35333333333,1011.48
"2019-12-20",2019,1220.45333333333,2149.35333333333,1011.48
"2019-12-21",2019,1220.45333333333,2149.35333333333,1011.48
"2019-12-22",2019,1220.45333333333,2149.35333333333,1011.48
"2019-12-23",2019,1220.45333333333,2149.35333333333,1011.48
"2019-12-24",2019,1220.45333333333,2149.35333333333,1011.48
"2019-12-25",2019,1220.45333333333,2149.35333333333,1011.48
"2019-12-26",2019,1220.45333333333,2149.35333333333,1016.08
"2019-12-27",2019,1220.45333333333,2149.35333333333,1016.68
"2019-12-28",2019,1220.45333333333,2149.35333333333,1016.68
"2019-12-29",2019,1220.45333333333,2149.35333333333,1026.08
"2019-12-30",2019,1220.45333333333,2149.35333333333,1044.28
"2019-12-31",2019,1220.45333333333,2149.35333333333,1047.28
"2020-01-01",2020,0,0,1
"2020-01-02",2020,0,0,1
"2020-01-03",2020,0,0,1
"2020-01-04",2020,0,0,6
"2020-01-05",2020,0,0,8
"2020-01-06",2020,0,0,8
"2020-01-07",2020,0,0,8
"2020-01-08",2020,0,0,8
"2020-01-09",2020,0,0,8
"2020-01-10",2020,0,0,17
"2020-01-11",2020,0,0.8,77.8
"2020-01-12",2020,0,0.8,77.8
"2020-01-13",2020,0,0.8,77.8
"2020-01-14",2020,0,0.8,77.8
"2020-01-15",2020,0,0.8,84.8
"2020-01-16",2020,0,0.8,85.8
"2020-01-17",2020,0,0.8,85.8
"2020-01-18",2020,0,0.8,97.8
"2020-01-19",2020,0,0.8,97.8
"2020-01-20",2020,0,0.8,97.8
"2020-01-21",2020,0,0.8,97.8
"2020-01-22",2020,0,0.8,97.8
"2020-01-23",2020,0,0.8,97.8
"2020-01-24",2020,0,0.8,97.8
"2020-01-25",2020,0,0.8,112.2
"2020-01-26",2020,0,0.8,113.2
"2020-01-27",2020,0,0.8,113.2
"2020-01-28",2020,0,0.8,113.2
"2020-01-29",2020,0,0.8,113.2
"2020-01-30",2020,0,0.8,113.2
"2020-01-31",2020,0,0.8,113.2
"2020-02-01",2020,0,0.8,114.2
"2020-02-02",2020,0,0.8,114.2
"2020-02-03",2020,0,0.8,114.2
"2020-02-04",2020,0,0.8,114.2
"2020-02-05",2020,0,0.8,117.2
"2020-02-06",2020,0,0.8,123.2
"2020-02-07",2020,0,0.8,128.2
"2020-02-08",2020,0,0.8,128.2
"2020-02-09",2020,0,0.8,133.2
"2020-02-10",2020,0,0.8,133.2
"2020-02-11",2020,0,0.8,133.2
"2020-02-12",2020,0,0.8,135.2
"2020-02-13",2020,0,0.8,135.2
"2020-02-14",2020,0,0.8,135.2
"2020-02-15",2020,0,0.8,136.2
"2020-02-16",2020,0,0.8,136.2
"2020-02-17",2020,0,0.8,140.2
"2020-02-18",2020,0,0.8,141.2
"2020-02-19",2020,0,0.8,141.2
"2020-02-20",2020,0,0.8,141.2
"2020-02-21",2020,0,0.8,141.2
"2020-02-22",2020,0,0.8,141.2
"2020-02-23",2020,0,0.8,141.2
"2020-02-24",2020,0,0.8,141.2
"2020-02-25",2020,0,0.8,141.2
"2020-02-26",2020,0,0.8,169.6
"2020-02-27",2020,0,0.8,176.6
"2020-02-28",2020,0,0.8,176.6
"2020-02-29",2020,0,0.8,176.6
"2020-03-01",2020,0,0.8,177.6
"2020-03-02",2020,0,0.8,188.4
"2020-03-03",2020,0,0.8,203.2
"2020-03-04",2020,0,0.8,203.2
"2020-03-05",2020,0,0.8,203.2
"2020-03-06",2020,0,0.8,203.2
"2020-03-07",2020,0,0.8,203.2
"2020-03-08",2020,0,0.8,203.2
"2020-03-09",2020,0,4.6,205.4
"2020-03-10",2020,0,7.1,212
"2020-03-11",2020,0,7.1,212
"2020-03-12",2020,0,7.1,220.8
"2020-03-13",2020,0,7.9,224.4
"2020-03-14",2020,0,7.9,224.4
"2020-03-15",2020,0,7.9,224.4
"2020-03-16",2020,0,7.9,226.2
"2020-03-17",2020,0,7.9,228.8
"2020-03-18",2020,0,7.9,229.2
"2020-03-19",2020,0,8.4,231.2
"2020-03-20",2020,0.5,13.9,232.6
"2020-03-21",2020,0.5,13.9,232.6
"2020-03-22",2020,0.5,13.9,232.6
"2020-03-23",2020,0.5,13.9,237.6
"2020-03-24",2020,0.5,13.9,237.6
"2020-03-25",2020,0.5,13.9,237.8
"2020-03-26",2020,0.5,15.9,241.2
"2020-03-27",2020,0.5,15.9,241.2
"2020-03-28",2020,0.5,15.9,243
"2020-03-29",2020,0.5,18.7,254.8
"2020-03-30",2020,0.5,20.7,258.6
"2020-03-31",2020,0.5,20.7,260
"2020-04-01",2020,0.5,20.7,260
"2020-04-02",2020,0.5,21.2,260
"2020-04-03",2020,0.5,21.7,262.2
"2020-04-04",2020,0.5,25.7,262.6
"2020-04-05",2020,0.5,30,262.6
"2020-04-06",2020,0.5,31,262.6
"2020-04-07",2020,0.5,34,263.6
"2020-04-08",2020,0.5,36.3,266.4
"2020-04-09",2020,0.5,36.3,278.2
"2020-04-10",2020,0.5,36.3,278.6
"2020-04-11",2020,0.5,36.3,278.6
"2020-04-12",2020,0.5,37.6,290.4
"2020-04-13",2020,2.5,44.6,310
"2020-04-14",2020,2.5,44.6,310
"2020-04-15",2020,2.5,44.6,310
"2020-04-16",2020,2.5,44.6,310.8
"2020-04-17",2020,2.5,44.6,310.8
"2020-04-18",2020,2.5,44.6,310.8
"2020-04-19",2020,2.5,46.1,314
"2020-04-20",2020,2.5,46.1,316
"2020-04-21",2020,2.5,46.1,319.4
"2020-04-22",2020,2.5,46.1,319.4
"2020-04-23",2020,2.5,46.1,319.4
"2020-04-24",2020,2.5,46.9,319.4
"2020-04-25",2020,2.5,48.9,319.4
"2020-04-26",2020,2.5,53.2,321.2
"2020-04-27",2020,2.5,57.7,321.2
"2020-04-28",2020,2.5,58.7,321.2
"2020-04-29",2020,4,65.2,329.6
"2020-04-30",2020,5.3,71.5,372.6
"2020-05-01",2020,7.6,78.8,372.8
"2020-05-02",2020,9.4,85.6,374.2
"2020-05-03",2020,13.4,94.6,374.2
"2020-05-04",2020,13.4,98.1,374.2
"2020-05-05",2020,13.4,98.1,374.2
"2020-05-06",2020,13.4,100.1,374.2
"2020-05-07",2020,13.4,103.1,376.6
"2020-05-08",2020,13.4,103.1,377.6
"2020-05-09",2020,13.4,103.1,377.6
"2020-05-10",2020,13.4,103.9,377.6
"2020-05-11",2020,13.4,104.7,378
"2020-05-12",2020,13.4,104.7,379
"2020-05-13",2020,13.4,106,379
"2020-05-14",2020,13.4,109,379.2
"2020-05-15",2020,16.2,116.8,388.8
"2020-05-16",2020,17.7,123.3,388.8
"2020-05-17",2020,20.2,130.8,394.4
"2020-05-18",2020,25.5,141.1,394.4
"2020-05-19",2020,29.5,150.1,394.4
"2020-05-20",2020,34.5,160.1,394.4
"2020-05-21",2020,38.8,169.4,394.4
"2020-05-22",2020,45.1,180.7,394.4
"2020-05-23",2020,53.4,194,394.4
"2020-05-24",2020,60.9,206.5,406.4
"2020-05-25",2020,70.9,221.5,406.8
"2020-05-26",2020,85.2,240.8,406.8
"2020-05-27",2020,100.2,260.8,406.8
"2020-05-28",2020,111,276.6,410.6
"2020-05-29",2020,121.8,292.4,411.2
"2020-05-30",2020,126.3,301.9,411.8
"2020-05-31",2020,126.3,306.2,411.8
"2020-06-01",2020,127.1,312,411.8
"2020-06-02",2020,130.9,320.8,413.6
"2020-06-03",2020,137.7,332.6,425.6
"2020-06-04",2020,146.5,346.4,425.6
"2020-06-05",2020,157.3,362.2,425.6
"2020-06-06",2020,167.8,377.7,427.6
"2020-06-07",2020,172.8,387.7,427.6
"2020-06-08",2020,177.8,397.7,427.6
"2020-06-09",2020,186.8,411.7,427.6
"2020-06-10",2020,199.1,429,435.6
"2020-06-11",2020,209.1,444,435.6
"2020-06-12",2020,214.6,454.5,435.6
"2020-06-13",2020,215.6,460.5,435.6
"2020-06-14",2020,217.6,467.5,435.6
"2020-06-15",2020,222.1,477,435.6
"2020-06-16",2020,229.6,489.5,435.6
"2020-06-17",2020,238.9,503.8,435.6
"2020-06-18",2020,250.4,520.3,435.6
"2020-06-19",2020,263.4,538.3,435.6
"2020-06-20",2020,275.7,555.6,435.6
"2020-06-21",2020,288.5,573.4,435.6
"2020-06-22",2020,303.3,593.2,435.6
"2020-06-23",2020,317.6,612.5,436.6
"2020-06-24",2020,326.9,626.8,436.6
"2020-06-25",2020,336.4,641.3,436.6
"2020-06-26",2020,346.7,656.6,436.6
"2020-06-27",2020,355.5,670.4,441.4
"2020-06-28",2020,367.3,687.2,441.4
"2020-06-29",2020,378.6,703.5,441.4
"2020-06-30",2020,389.9,719.8,441.4
"2020-07-01",2020,402.7,737.6,441.4
"2020-07-02",2020,419,758.9,445.4
"2020-07-03",2020,434,778.9,446
"2020-07-04",2020,448.3,798.2,446
"2020-07-05",2020,460.8,815.7,446
"2020-07-06",2020,474.8,834.7,446
"2020-07-07",2020,489.6,854.5,446
"2020-07-08",2020,506.6,876.5,446
"2020-07-09",2020,523.1,898,446
"2020-07-10",2020,541.9,921.8,446
"2020-07-11",2020,556.2,941.1,460.4
"2020-07-12",2020,570,959.9,461
"2020-07-13",2020,581.8,976.7,467.6
"2020-07-14",2020,593.6,993.5,467.6
"2020-07-15",2020,606.4,1011.3,467.6
"2020-07-16",2020,618.9,1028.8,474.6
"2020-07-17",2020,634.2,1049.1,474.6
"2020-07-18",2020,649.2,1069.1,474.6
"2020-07-19",2020,665,1089.9,482.6
"2020-07-20",2020,679.3,1109.2,482.6
"2020-07-21",2020,689.8,1124.7,482.6
"2020-07-22",2020,700.8,1140.7,483.6
"2020-07-23",2020,714.3,1159.2,483.6
"2020-07-24",2020,727.1,1177,483.6
"2020-07-25",2020,741.4,1196.3,483.6
"2020-07-26",2020,757.4,1217.3,483.6
"2020-07-27",2020,773.9,1238.8,483.6
"2020-07-28",2020,788.4,1258.3,483.6
"2020-07-29",2020,801.7,1276.6,483.8
"2020-07-30",2020,813.5,1293.4,483.8
"2020-07-31",2020,825.3,1310.2,483.8
"2020-08-01",2020,838.8,1328.7,490.4
"2020-08-02",2020,852.1,1347,509
"2020-08-03",2020,864.6,1364.5,511
"2020-08-04",2020,875.4,1380.3,548.8
"2020-08-05",2020,884.9,1394.8,548.8
"2020-08-06",2020,892.9,1407.8,548.8
"2020-08-07",2020,902.2,1422.1,548.8
"2020-08-08",2020,913.5,1438.4,548.8
"2020-08-09",2020,925.3,1455.2,551.8
"2020-08-10",2020,939.3,1474.2,551.8
"2020-08-11",2020,954.6,1494.5,551.8
"2020-08-12",2020,966.6,1511.5,551.8
"2020-08-13",2020,979.6,1529.5,551.8
"2020-08-14",2020,991.6,1546.5,551.8
"2020-08-15",2020,1004.1,1564,551.8
"2020-08-16",2020,1016.1,1581,587
"2020-08-17",2020,1026.4,1596.3,587
"2020-08-18",2020,1033.9,1608.8,596.8
"2020-08-19",2020,1040.7,1620.6,596.8
"2020-08-20",2020,1047.2,1632.1,597.2
"2020-08-21",2020,1057.7,1647.6,600.4
"2020-08-22",2020,1070,1664.9,600.4
"2020-08-23",2020,1083.5,1683.4,617.8
"2020-08-24",2020,1097.3,1702.2,628.6
"2020-08-25",2020,1109.3,1719.2,628.6
"2020-08-26",2020,1113.3,1728.2,637.2
"2020-08-27",2020,1119.3,1739.2,656
"2020-08-28",2020,1126.1,1751,684.6
"2020-08-29",2020,1136.4,1766.3,686.6
"2020-08-30",2020,1143.7,1778.6,686.6
"2020-08-31",2020,1149.5,1789.4,686.6
"2020-09-01",2020,1159.5,1804.4,686.6
"2020-09-02",2020,1172.8,1822.7,689.6
"2020-09-03",2020,1180.8,1835.7,694.6
"2020-09-04",2020,1186.3,1846.2,694.6
"2020-09-05",2020,1191.3,1856.2,695
"2020-09-06",2020,1195.3,1865.2,696.2
"2020-09-07",2020,1202.8,1877.7,696.2
"2020-09-08",2020,1207.6,1887.5,699
"2020-09-09",2020,1212.4,1897.3,699
"2020-09-10",2020,1217.9,1907.8,699
"2020-09-11",2020,1220.9,1915.8,699
"2020-09-12",2020,1224.2,1924.1,700.4
"2020-09-13",2020,1233,1937.9,714.6
"2020-09-14",2020,1235.8,1945.7,714.6
"2020-09-15",2020,1235.8,1950,714.6
"2020-09-16",2020,1241.6,1960.8,714.6
"2020-09-17",2020,1245.4,1969.6,714.6
"2020-09-18",2020,1245.4,1973.1,714.6
"2020-09-19",2020,1245.4,1974.6,714.6
"2020-09-20",2020,1245.7,1979.9,714.6
"2020-09-21",2020,1245.7,1984.4,714.6
"2020-09-22",2020,1246.2,1989.9,714.6
"2020-09-23",2020,1252.7,2001.4,714.6
"2020-09-24",2020,1259.5,2013.2,714.6
"2020-09-25",2020,1266.3,2025,714.6
"2020-09-26",2020,1274.6,2038.3,714.6
"2020-09-27",2020,1284.9,2053.6,714.6
"2020-09-28",2020,1295.4,2069.1,720.8
"2020-09-29",2020,1301.4,2080.1,739.8
"2020-09-30",2020,1303.9,2087.6,746.2
"2020-10-01",2020,1307.2,2095.9,747.4
"2020-10-02",2020,1307.5,2101.2,749.4
"2020-10-03",2020,1307.5,2105,750.6
"2020-10-04",2020,1308.3,2110.8,750.6
"2020-10-05",2020,1309.8,2117.3,750.6
"2020-10-06",2020,1311.6,2124.1,751.8
"2020-10-07",2020,1315.6,2133.1,757.2
"2020-10-08",2020,1315.6,2135.6,757.2
"2020-10-09",2020,1315.6,2138.9,757.2
"2020-10-10",2020,1321.1,2149.4,757.2
"2020-10-11",2020,1321.1,2151.7,757.2
"2020-10-12",2020,1321.1,2155.2,762.8
"2020-10-13",2020,1323.4,2162.5,766.2
"2020-10-14",2020,1323.9,2168,766.2
"2020-10-15",2020,1327.7,2176.8,776.8
"2020-10-16",2020,1327.7,2180.3,776.8
"2020-10-17",2020,1327.7,2181.3,776.8
"2020-10-18",2020,1327.7,2186.1,778.8
"2020-10-19",2020,1327.7,2187.6,801.8
"2020-10-20",2020,1327.7,2189.6,805.6
"2020-10-21",2020,1327.7,2194.6,808.6
"2020-10-22",2020,1327.7,2198.1,809.4
"2020-10-23",2020,1333,2208.4,812
"2020-10-24",2020,1333,2210.4,812
"2020-10-25",2020,1333,2210.4,812
"2020-10-26",2020,1333,2210.4,819.4
"2020-10-27",2020,1333,2210.4,822.8
"2020-10-28",2020,1333,2210.4,822.8
"2020-10-29",2020,1333,2210.4,822.8
"2020-10-30",2020,1333,2210.4,822.8
"2020-10-31",2020,1333,2210.4,822.8
"2020-11-01",2020,1333,2210.9,831.8
"2020-11-02",2020,1333,2210.9,831.8
"2020-11-03",2020,1333,2210.9,831.8
"2020-11-04",2020,1333,2213.2,831.8
"2020-11-05",2020,1336.8,2222,831.8
"2020-11-06",2020,1340.1,2230.3,831.8
"2020-11-07",2020,1344.4,2239.6,831.8
"2020-11-08",2020,1347.2,2247.4,831.8
"2020-11-09",2020,1349.7,2254.9,831.8
"2020-11-10",2020,1355,2265.2,838.8
"2020-11-11",2020,1360.5,2275.7,839.8
"2020-11-12",2020,1360.5,2275.7,839.8
"2020-11-13",2020,1360.5,2275.7,839.8
"2020-11-14",2020,1360.5,2275.7,839.8
"2020-11-15",2020,1360.5,2275.7,851.2
"2020-11-16",2020,1360.5,2275.7,852.2
"2020-11-17",2020,1360.5,2275.7,852.2
"2020-11-18",2020,1360.5,2275.7,852.2
"2020-11-19",2020,1360.5,2275.7,852.2
"2020-11-20",2020,1362,2282.2,852.2
"2020-11-21",2020,1362,2282.2,852.2
"2020-11-22",2020,1362,2282.2,857.2
"2020-11-23",2020,1362,2282.2,857.2
"2020-11-24",2020,1362,2282.2,860.2
"2020-11-25",2020,1362,2282.2,866.2
"2020-11-26",2020,1362,2285.2,868.4
"2020-11-27",2020,1362,2286.7,868.8
"2020-11-28",2020,1362,2286.7,868.8
"2020-11-29",2020,1362,2287.2,869.8
"2020-11-30",2020,1362,2287.2,889.6
"2020-12-01",2020,1362,2287.2,893
"2020-12-02",2020,1362,2287.2,894
"2020-12-03",2020,1362,2287.2,899
"2020-12-04",2020,1362,2287.2,902.8
"2020-12-05",2020,1362,2287.2,902.8
"2020-12-06",2020,1362,2287.2,902.8
"2020-12-07",2020,1362,2287.2,902.8
"2020-12-08",2020,1362,2287.2,905.8
"2020-12-09",2020,1362,2287.2,909.8
"2020-12-10",2020,1362,2287.2,909.8
"2020-12-11",2020,1362,2287.2,909.8
"2020-12-12",2020,1362,2287.2,910
"2020-12-13",2020,1362,2287.2,910
"2020-12-14",2020,1362,2287.2,910
"2020-12-15",2020,1362,2287.2,910
"2020-12-16",2020,1362,2287.2,910
"2020-12-17",2020,1362,2287.2,910
"2020-12-18",2020,1362,2287.2,910
"2020-12-19",2020,1362,2287.2,914
"2020-12-20",2020,1362,2287.2,916.6
"2020-12-21",2020,1362,2287.2,917.6
"2020-12-22",2020,1362,2287.2,917.6
"2020-12-23",2020,1362,2287.2,918.6
"2020-12-24",2020,1362,2287.2,972.6
"2020-12-25",2020,1362,2287.2,975.8
"2020-12-26",2020,1362,2287.2,979.8
"2020-12-27",2020,1362,2287.2,982.8
"2020-12-28",2020,1362,2287.2,984.8
"2020-12-29",2020,1362,2287.2,984.8
"2020-12-30",2020,1362,2287.2,993
"2020-12-31",2020,1362,2287.2,993
"2021-01-01",2021,0,0,10
"2021-01-02",2021,0,0,10
"2021-01-03",2021,0,0,11
"2021-01-04",2021,0,0,11
"2021-01-05",2021,0,0,11
"2021-01-06",2021,0,0,11
"2021-01-07",2021,0,0,11
"2021-01-08",2021,0,0,11
"2021-01-09",2021,0,0,11
"2021-01-10",2021,0,0,11
"2021-01-11",2021,0,0,12
"2021-01-12",2021,0,0,12
"2021-01-13",2021,0,0,12
"2021-01-14",2021,0,0,12
"2021-01-15",2021,0,0,17
"2021-01-16",2021,0,0,18.6
"2021-01-17",2021,0,0,18.6
"2021-01-18",2021,0,0,18.6
"2021-01-19",2021,0,0,20.6
"2021-01-20",2021,0,0,22.6
"2021-01-21",2021,0,0,22.6
"2021-01-22",2021,0,0,22.6
"2021-01-23",2021,0,0,22.6
"2021-01-24",2021,0,0,22.6
"2021-01-25",2021,0,0,22.6
"2021-01-26",2021,0,0,29.6
"2021-01-27",2021,0,0,36.4
"2021-01-28",2021,0,0,36.4
"2021-01-29",2021,0,0,36.4
"2021-01-30",2021,0,0,36.4
"2021-01-31",2021,0,0,36.4
"2021-02-01",2021,0,0,36.4
"2021-02-02",2021,0,0,41.4
"2021-02-03",2021,0,0,41.4
"2021-02-04",2021,0,0,47.4
"2021-02-05",2021,0,0,47.4
"2021-02-06",2021,0,0,47.4
"2021-02-07",2021,0,0,50.4
"2021-02-08",2021,0,0,51.4
"2021-02-09",2021,0,0,51.4
"2021-02-10",2021,0,0,51.4
"2021-02-11",2021,0,0,51.4
"2021-02-12",2021,0,0,51.4
"2021-02-13",2021,0,0,53.4
"2021-02-14",2021,0,0,53.4
"2021-02-15",2021,0,0,68.4
"2021-02-16",2021,0,0,68.4
"2021-02-17",2021,0,0,68.4
"2021-02-18",2021,0,0,69.4
"2021-02-19",2021,0,0,71.4
"2021-02-20",2021,0,0,71.4
"2021-02-21",2021,0,0,71.4
"2021-02-22",2021,0,0,76.4
"2021-02-23",2021,0,0,78.2
"2021-02-24",2021,0,0,78.6
"2021-02-25",2021,0,0,78.6
"2021-02-26",2021,0,0,78.6
"2021-02-27",2021,0,0,84.2
"2021-02-28",2021,0,0,87
"2021-03-01",2021,0,0,87
"2021-03-02",2021,0,0,87
"2021-03-03",2021,0,0,87
"2021-03-04",2021,0,0,87
"2021-03-05",2021,0,0,87
"2021-03-06",2021,0,0,87
"2021-03-07",2021,0,0,87
"2021-03-08",2021,0,0,87
"2021-03-09",2021,0,0,87
"2021-03-10",2021,0,0,87
"2021-03-11",2021,0.800000000000001,5.8,87
"2021-03-12",2021,0.800000000000001,5.8,87
"2021-03-13",2021,0.800000000000001,5.8,87
"2021-03-14",2021,0.800000000000001,5.8,87
"2021-03-15",2021,0.800000000000001,5.8,87
"2021-03-16",2021,0.800000000000001,5.8,87
"2021-03-17",2021,0.800000000000001,5.8,89.2
"2021-03-18",2021,0.800000000000001,5.8,89.2
"2021-03-19",2021,0.800000000000001,5.8,89.2
"2021-03-20",2021,0.800000000000001,6.3,89.2
"2021-03-21",2021,0.800000000000001,7.6,89.2
"2021-03-22",2021,0.800000000000001,11.1,89.2
"2021-03-23",2021,1.3,16.6,89.2
"2021-03-24",2021,1.6,21.9,95.2
"2021-03-25",2021,4.6,29.9,109.2
"2021-03-26",2021,4.6,32.2,115.4
"2021-03-27",2021,4.6,32.2,115.4
"2021-03-28",2021,4.6,33,124.2
"2021-03-29",2021,4.6,33,124.2
"2021-03-30",2021,4.6,35.8,124.2
"2021-03-31",2021,4.6,38.6,125.6
"2021-04-01",2021,4.6,38.6,126.6
"2021-04-02",2021,4.6,38.6,126.6
"2021-04-03",2021,4.6,38.6,126.6
"2021-04-04",2021,4.6,38.6,126.6
"2021-04-05",2021,4.6,41.6,126.6
"2021-04-06",2021,4.6,44.4,126.6
"2021-04-07",2021,7.4,52.2,126.6
"2021-04-08",2021,12.4,62.2,126.6
"2021-04-09",2021,16.9,71.7,126.6
"2021-04-10",2021,22.2,82,126.6
"2021-04-11",2021,27.7,92.5,133.2
"2021-04-12",2021,27.7,96.8,137.4
"2021-04-13",2021,29.7,103.8,137.4
"2021-04-14",2021,30.7,109.8,138.8
"2021-04-15",2021,30.7,111.3,149.8
"2021-04-16",2021,30.7,112.1,152
"2021-04-17",2021,30.7,114.9,152
"2021-04-18",2021,30.7,119.7,152
"2021-04-19",2021,31.2,125.2,152.4
"2021-04-20",2021,31.2,126.5,156.4
"2021-04-21",2021,31.2,126.5,159.4
"2021-04-22",2021,31.2,126.5,159.4
"2021-04-23",2021,31.2,129,159.4
"2021-04-24",2021,32.7,135.5,159.4
"2021-04-25",2021,32.7,140.5,159.4
"2021-04-26",2021,32.7,140.5,159.4
"2021-04-27",2021,32.7,144.5,166.2
"2021-04-28",2021,32.7,149.5,183
"2021-04-29",2021,32.7,154.3,200.2
"2021-04-30",2021,32.7,157.3,202
"2021-05-01",2021,32.7,157.3,202.8
"2021-05-02",2021,32.7,161.6,206.4
"2021-05-03",2021,32.7,165.1,208.4
"2021-05-04",2021,32.7,170.1,211.6
"2021-05-05",2021,33.7,176.1,211.8
"2021-05-06",2021,33.7,179.4,211.8
"2021-05-07",2021,33.7,181.2,218.6
"2021-05-08",2021,33.7,184.5,220.6
"2021-05-09",2021,33.7,188,220.6
"2021-05-10",2021,33.7,193,220.6
"2021-05-11",2021,33.7,195.8,223.4
"2021-05-12",2021,34.2,201.3,223.4
"2021-05-13",2021,37,209.1,223.4
"2021-05-14",2021,42,219.1,223.4
"2021-05-15",2021,45.5,227.6,223.4
"2021-05-16",2021,50.5,237.6,223.4
"2021-05-17",2021,55.5,247.6,223.4
"2021-05-18",2021,63.3,260.4,223.4
"2021-05-19",2021,73.1,275.2,223.4
"2021-05-20",2021,83.9,291,223.4
"2021-05-21",2021,96.7,308.8,223.4
"2021-05-22",2021,109.2,326.3,223.8
"2021-05-23",2021,118.5,340.6,223.8
"2021-05-24",2021,121.8,348.9,223.8
"2021-05-25",2021,130.6,362.7,223.8
"2021-05-26",2021,141.6,378.7,223.8
"2021-05-27",2021,144.4,386.5,223.8
"2021-05-28",2021,144.4,389.3,223.8
"2021-05-29",2021,144.7,394.6,223.8
"2021-05-30",2021,146.7,401.6,223.8
"2021-05-31",2021,150.5,410.4,223.8
"2021-06-01",2021,158,422.9,223.8
"2021-06-02",2021,164.8,434.7,241
"2021-06-03",2021,172.8,447.7,247.4
"2021-06-04",2021,182.1,462,247.4
"2021-06-05",2021,193.9,478.8,247.4
"2021-06-06",2021,207.9,497.8,247.4
"2021-06-07",2021,221.4,516.3,247.4
"2021-06-08",2021,234.9,534.8,248.2
"2021-06-09",2021,248.7,553.6,248.2
"2021-06-10",2021,257.2,567.1,248.2
"2021-06-11",2021,266.2,581.1,249.4
"2021-06-12",2021,275.7,595.6,249.4
"2021-06-13",2021,285.7,610.6,263.8
"2021-06-14",2021,295.5,625.4,264.6
"2021-06-15",2021,304,638.9,265
"2021-06-16",2021,309,648.9,265
"2021-06-17",2021,315.3,660.2,265
"2021-06-18",2021,322.6,672.5,274.4
"2021-06-19",2021,333.9,688.8,274.4
"2021-06-20",2021,344.2,704.1,274.4
"2021-06-21",2021,355.7,720.6,274.4
"2021-06-22",2021,360.2,730.1,274.4
"2021-06-23",2021,364.2,739.1,274.4
"2021-06-24",2021,373.5,753.4,274.4
"2021-06-25",2021,384.3,769.2,288.2
"2021-06-26",2021,394.6,784.5,289
"2021-06-27",2021,409.9,804.8,289.4
"2021-06-28",2021,425.7,825.6,289.4
"2021-06-29",2021,440.2,845.1,301.6
"2021-06-30",2021,452.5,862.4,301.6
"2021-07-01",2021,462,876.9,306
"2021-07-02",2021,471.3,891.2,306
"2021-07-03",2021,480.1,905,306
"2021-07-04",2021,488.1,918,306
"2021-07-05",2021,497.6,932.5,325.2
"2021-07-06",2021,511.6,951.5,325.2
"2021-07-07",2021,517.1,962,339
"2021-07-08",2021,521.6,971.5,354.8
"2021-07-09",2021,528.9,983.8,354.8
"2021-07-10",2021,538.7,998.6,354.8
"2021-07-11",2021,548.5,1013.4,354.8
"2021-07-12",2021,561,1030.9,354.8
"2021-07-13",2021,575.3,1050.2,367.6
"2021-07-14",2021,588.3,1068.2,367.6
"2021-07-15",2021,600.8,1085.7,375.4
"2021-07-16",2021,611.3,1101.2,375.4
"2021-07-17",2021,620.6,1115.5,377.4
"2021-07-18",2021,631.9,1131.8,377.4
"2021-07-19",2021,644.7,1149.6,377.4
"2021-07-20",2021,656.7,1166.6,384.2
"2021-07-21",2021,666.7,1181.6,384.2
"2021-07-22",2021,675,1194.9,384.2
"2021-07-23",2021,684.8,1209.7,384.2
"2021-07-24",2021,694.3,1224.2,389.6
"2021-07-25",2021,707.6,1242.5,389.6
"2021-07-26",2021,720.9,1260.8,389.6
"2021-07-27",2021,728.4,1273.3,392.6
"2021-07-28",2021,735.9,1285.8,392.6
"2021-07-29",2021,742.9,1297.8,398.4
"2021-07-30",2021,749.9,1309.8,398.4
"2021-07-31",2021,754.9,1319.8,401.6
"2021-08-01",2021,760.2,1330.1,401.6
"2021-08-02",2021,767.7,1342.6,401.6
"2021-08-03",2021,776,1355.9,401.6
"2021-08-04",2021,785.5,1370.4,404
"2021-08-05",2021,796.3,1386.2,404
"2021-08-06",2021,807.6,1402.5,404
"2021-08-07",2021,821.6,1421.5,420.2
"2021-08-08",2021,835.4,1440.3,420.4
"2021-08-09",2021,850.2,1460.1,420.4
"2021-08-10",2021,865.2,1480.1,439.2
"2021-08-11",2021,880.7,1500.6,439.2
"2021-08-12",2021,895.7,1520.6,439.2
"2021-08-13",2021,910,1539.9,439.8
"2021-08-14",2021,919.3,1554.2,439.8
"2021-08-15",2021,925.8,1565.7,439.8
"2021-08-16",2021,934.1,1579,439.8
"2021-08-17",2021,945.4,1595.3,441.4
"2021-08-18",2021,958.9,1613.8,443.8
"2021-08-19",2021,973.2,1633.1,443.8
"2021-08-20",2021,987.5,1652.4,443.8
"2021-08-21",2021,1003,1672.9,443.8
"2021-08-22",2021,1017.5,1692.4,443.8
"2021-08-23",2021,1033,1712.9,448.2
"2021-08-24",2021,1047.3,1732.2,448.2
"2021-08-25",2021,1062.6,1752.5,448.2
"2021-08-26",2021,1079.1,1774,448.2
"2021-08-27",2021,1090.9,1790.8,448.2
"2021-08-28",2021,1101.9,1806.8,448.2
"2021-08-29",2021,1116.2,1826.1,449.4
"2021-08-30",2021,1130.5,1845.4,449.4
"2021-08-31",2021,1141.5,1861.4,449.4
"2021-09-01",2021,1149.3,1874.2,449.4
"2021-09-02",2021,1152.8,1882.7,449.4
"2021-09-03",2021,1160.6,1895.5,449.4
"2021-09-04",2021,1167.6,1907.5,450.4
"2021-09-05",2021,1177.4,1922.3,452
"2021-09-06",2021,1185.2,1935.1,452.4
"2021-09-07",2021,1192.2,1947.1,480.4
"2021-09-08",2021,1202.2,1962.1,482.4
"2021-09-09",2021,1209.7,1974.6,484.4
"2021-09-10",2021,1214.7,1984.6,484.4
"2021-09-11",2021,1221.5,1996.4,484.4
"2021-09-12",2021,1229.3,2009.2,484.4
"2021-09-13",2021,1236.8,2021.7,484.4
"2021-09-14",2021,1244.1,2034,513.4
"2021-09-15",2021,1252.9,2047.8,513.4
"2021-09-16",2021,1259.2,2059.1,513.4
"2021-09-17",2021,1268,2072.9,513.4
"2021-09-18",2021,1276,2085.9,513.4
"2021-09-19",2021,1279.3,2094.2,513.4
"2021-09-20",2021,1285.1,2105,513.4
"2021-09-21",2021,1294.9,2119.8,517.6
"2021-09-22",2021,1304.2,2134.1,550.4
"2021-09-23",2021,1312.7,2147.6,573.8
"2021-09-24",2021,1317,2156.9,573.8
"2021-09-25",2021,1322.3,2167.2,573.8
"2021-09-26",2021,1325.8,2175.7,575.8
"2021-09-27",2021,1330.6,2185.5,577.8
"2021-09-28",2021,1331.9,2191.8,577.8
"2021-09-29",2021,1332.9,2197.8,577.8
"2021-09-30",2021,1334.9,2204.8,577.8
"2021-10-01",2021,1335.9,2210.8,577.8
"2021-10-02",2021,1340.2,2220.1,591.2
"2021-10-03",2021,1344.5,2229.4,593.4
"2021-10-04",2021,1347,2236.9,593.4
"2021-10-05",2021,1352.8,2247.7,593.4
"2021-10-06",2021,1357.1,2257,593.4
"2021-10-07",2021,1362.6,2267.5,593.4
"2021-10-08",2021,1368.1,2278,593.4
"2021-10-09",2021,1374.1,2289,595
"2021-10-10",2021,1381.6,2301.5,595
"2021-10-11",2021,1389.6,2314.5,595
"2021-10-12",2021,1397.9,2327.8,595
"2021-10-13",2021,1406.9,2341.8,595
"2021-10-14",2021,1415.4,2355.3,595
"2021-10-15",2021,1424.2,2369.1,602.2
"2021-10-16",2021,1430,2379.9,607.2
"2021-10-17",2021,1430,2384.9,608.6
"2021-10-18",2021,1430,2387.7,608.8
"2021-10-19",2021,1430.8,2393.5,608.8
"2021-10-20",2021,1436.8,2404.5,609.8
"2021-10-21",2021,1441.6,2414.3,616.8
"2021-10-22",2021,1441.6,2415.8,616.8
"2021-10-23",2021,1441.6,2415.8,616.8
"2021-10-24",2021,1441.6,2416.6,621.4
"2021-10-25",2021,1441.6,2418.6,635.2
"2021-10-26",2021,1441.6,2420.6,658.4
"2021-10-27",2021,1441.6,2425.4,658.4
"2021-10-28",2021,1441.6,2426.7,658.4
"2021-10-29",2021,1441.6,2430,670.2
"2021-10-30",2021,1441.6,2432.3,680.8
"2021-10-31",2021,1441.9,2437.6,680.8
"2021-11-01",2021,1441.9,2439.6,680.8
"2021-11-02",2021,1441.9,2439.6,680.8
"2021-11-03",2021,1441.9,2439.6,680.8
"2021-11-04",2021,1441.9,2439.6,680.8
"2021-11-05",2021,1441.9,2439.6,680.8
"2021-11-06",2021,1441.9,2439.9,680.8
"2021-11-07",2021,1441.9,2442.9,680.8
"2021-11-08",2021,1441.9,2444.9,680.8
"2021-11-09",2021,1442.2,2450.2,680.8
"2021-11-10",2021,1442.2,2452,680.8
"2021-11-11",2021,1442.2,2453.3,698.2
"2021-11-12",2021,1442.2,2457.6,700.6
"2021-11-13",2021,1442.2,2457.6,703
"2021-11-14",2021,1442.2,2457.6,709
"2021-11-15",2021,1442.2,2457.6,710.4
"2021-11-16",2021,1442.2,2457.6,710.4
"2021-11-17",2021,1442.2,2458.4,711.6
"2021-11-18",2021,1442.2,2461.9,713.2
"2021-11-19",2021,1442.2,2461.9,713.2
"2021-11-20",2021,1442.2,2461.9,713.8
"2021-11-21",2021,1442.2,2462.2,718
"2021-11-22",2021,1442.2,2462.2,718
"2021-11-23",2021,1442.2,2462.2,718
"2021-11-24",2021,1442.2,2462.2,718.6
"2021-11-25",2021,1442.2,2462.2,723
"2021-11-26",2021,1442.2,2462.2,723
"2021-11-27",2021,1442.2,2462.2,723
"2021-11-28",2021,1442.2,2462.2,725
"2021-11-29",2021,1442.2,2462.2,725
"2021-11-30",2021,1442.2,2462.2,731
"2021-12-01",2021,1442.2,2462.2,731.6
"2021-12-02",2021,1442.2,2462.2,738.8
"2021-12-03",2021,1442.2,2462.2,738.8
"2021-12-04",2021,1442.2,2462.2,739.8
"2021-12-05",2021,1442.2,2462.2,751.6
"2021-12-06",2021,1442.2,2462.2,766.6
"2021-12-07",2021,1442.2,2462.2,766.6
"2021-12-08",2021,1442.2,2462.2,768.6
"2021-12-09",2021,1442.2,2462.2,768.6
"2021-12-10",2021,1442.2,2462.2,778.6
"2021-12-11",2021,1442.2,2463.5,780.8
"2021-12-12",2021,1442.2,2463.5,780.8
"2021-12-13",2021,1442.2,2463.8,780.8
"2021-12-14",2021,1442.2,2463.8,780.8
"2021-12-15",2021,1442.2,2463.8,783
"2021-12-16",2021,1442.2,2468.8,784
"2021-12-17",2021,1442.2,2468.8,784
"2021-12-18",2021,1442.2,2468.8,795
"2021-12-19",2021,1442.2,2468.8,795
"2021-12-20",2021,1442.2,2468.8,795
"2021-12-21",2021,1442.2,2468.8,795
"2021-12-22",2021,1442.2,2468.8,795
"2021-12-23",2021,1442.2,2468.8,795
"2021-12-24",2021,1442.2,2468.8,798.4
"2021-12-25",2021,1442.2,2468.8,802.4
"2021-12-26",2021,1442.2,2468.8,802.4
"2021-12-27",2021,1442.2,2468.8,802.4
"2021-12-28",2021,1442.2,2468.8,802.4
"2021-12-29",2021,1442.2,2468.8,802.4
"2021-12-30",2021,1442.2,2468.8,802.4
"2021-12-31",2021,1442.2,2468.8,802.4
"2022-01-01",2022,0,0,3
"2022-01-02",2022,0,0,4
"2022-01-03",2022,0,0,4
"2022-01-04",2022,0,0,4
"2022-01-05",2022,0,0,6.2
"2022-01-06",2022,0,0,6.2
"2022-01-07",2022,0,0,6.2
"2022-01-08",2022,0,0,6.6
"2022-01-09",2022,0,0,8.8
"2022-01-10",2022,0,0,8.8
"2022-01-11",2022,0,0,8.8
"2022-01-12",2022,0,0,8.8
"2022-01-13",2022,0,0,8.8
"2022-01-14",2022,0,0,8.8
"2022-01-15",2022,0,0,8.8
"2022-01-16",2022,0,0,30.8
"2022-01-17",2022,0,0,38.8
"2022-01-18",2022,0,0,44.8
"2022-01-19",2022,0,0,44.8
"2022-01-20",2022,0,0,44.8
"2022-01-21",2022,0,0,44.8
"2022-01-22",2022,0,0,44.8
"2022-01-23",2022,0,0,44.8
"2022-01-24",2022,0,0,53.8
"2022-01-25",2022,0,0,53.8
"2022-01-26",2022,0,0,53.8
"2022-01-27",2022,0,0,55.8
"2022-01-28",2022,0,0,55.8
"2022-01-29",2022,0,0,55.8
"2022-01-30",2022,0,0,55.8
"2022-01-31",2022,0,0,55.8
"2022-02-01",2022,0,0,55.8
"2022-02-02",2022,0,0,60.8
"2022-02-03",2022,0,0,63.8
"2022-02-04",2022,0,0,63.8
"2022-02-05",2022,0,0,63.8
"2022-02-06",2022,0,0,63.8
"2022-02-07",2022,0,0,63.8
"2022-02-08",2022,0,0,63.8
"2022-02-09",2022,0,0,63.8
"2022-02-10",2022,0,0,63.8
"2022-02-11",2022,0,0,71.6
"2022-02-12",2022,0,0,72.6
"2022-02-13",2022,0,0,72.6
"2022-02-14",2022,0,0,72.6
"2022-02-15",2022,0,0,72.6
"2022-02-16",2022,0,0,90.4
"2022-02-17",2022,0,0,113.6
"2022-02-18",2022,0,0,118.6
"2022-02-19",2022,0,0,118.6
"2022-02-20",2022,0,0,118.6
"2022-02-21",2022,0,0,118.6
"2022-02-22",2022,0,0,137.4
"2022-02-23",2022,0,0,137.4
"2022-02-24",2022,0,0,140.4
"2022-02-25",2022,0,0,152.4
"2022-02-26",2022,0,0,152.4
"2022-02-27",2022,0,0,153.4
"2022-02-28",2022,0,0,153.4
"2022-03-01",2022,0,0,159.4
"2022-03-02",2022,0,0,161.4
"2022-03-03",2022,0,0,161.4
"2022-03-04",2022,0,0,161.4
"2022-03-05",2022,0,0,167.4
"2022-03-06",2022,0,1.5,168
"2022-03-07",2022,0,1.5,171.2
"2022-03-08",2022,0,1.5,171.2
"2022-03-09",2022,0,1.5,171.2
"2022-03-10",2022,0,1.5,171.2
"2022-03-11",2022,0,1.5,188.2
"2022-03-12",2022,0,1.5,188.2
"2022-03-13",2022,0,1.5,188.2
"2022-03-14",2022,0,1.5,188.2
"2022-03-15",2022,0,1.5,188.2
"2022-03-16",2022,0,1.5,188.2
"2022-03-17",2022,0,3.8,188.2
"2022-03-18",2022,0,3.8,192
"2022-03-19",2022,0,3.8,196.8
"2022-03-20",2022,0,4.6,197.4
"2022-03-21",2022,0,4.9,197.4
"2022-03-22",2022,0,4.9,197.4
"2022-03-23",2022,0,4.9,215.6
"2022-03-24",2022,0,5.4,216.2
"2022-03-25",2022,0,5.4,216.4
"2022-03-26",2022,0,5.4,216.8
"2022-03-27",2022,0,5.4,216.8
"2022-03-28",2022,0,5.4,216.8
"2022-03-29",2022,0,5.4,216.8
"2022-03-30",2022,0,5.4,218.2
"2022-03-31",2022,0,6.9,221
"2022-04-01",2022,0,6.9,221.6
"2022-04-02",2022,0,6.9,221.6
"2022-04-03",2022,0,6.9,221.6
"2022-04-04",2022,0,6.9,221.6
"2022-04-05",2022,0,7.7,221.6
"2022-04-06",2022,1.5,14.2,231.6
"2022-04-07",2022,1.5,17,247
"2022-04-08",2022,1.5,20.8,247
"2022-04-09",2022,1.5,20.8,247
"2022-04-10",2022,1.5,20.8,247
"2022-04-11",2022,1.5,20.8,249.4
"2022-04-12",2022,4,28.3,249.4
"2022-04-13",2022,4,32.6,254.8
"2022-04-14",2022,4.3,37.9,256.4
"2022-04-15",2022,4.3,41.7,259.8
"2022-04-16",2022,4.3,41.7,260.8
"2022-04-17",2022,4.3,41.7,260.8
"2022-04-18",2022,4.3,42.2,272.2
"2022-04-19",2022,4.3,42.2,277.6
"2022-04-20",2022,4.3,42.7,277.6
"2022-04-21",2022,4.3,43.7,286.4
"2022-04-22",2022,4.3,47.5,286.4
"2022-04-23",2022,4.3,47.5,287.6
"2022-04-24",2022,6.8,55,287.6
"2022-04-25",2022,12.1,65.3,302.8
"2022-04-26",2022,13.1,71.3,303.2
"2022-04-27",2022,13.1,71.3,303.2
"2022-04-28",2022,13.1,71.3,303.2
"2022-04-29",2022,13.1,72.3,303.2
"2022-04-30",2022,13.1,75.6,303.2
"2022-05-01",2022,13.6,81.1,304
"2022-05-02",2022,15.1,87.6,304.6
"2022-05-03",2022,16.9,94.4,323.4
"2022-05-04",2022,20.2,102.7,332.2
"2022-05-05",2022,21,108.5,332.2
"2022-05-06",2022,22,114.5,332.2
"2022-05-07",2022,22,119.3,332.2
"2022-05-08",2022,23.3,125.6,332.2
"2022-05-09",2022,27.3,134.6,332.2
"2022-05-10",2022,33.6,145.9,332.2
"2022-05-11",2022,41.6,158.9,332.2
"2022-05-12",2022,50.9,173.2,332.2
"2022-05-13",2022,61.2,188.5,332.2
"2022-05-14",2022,72.5,204.8,332.8
"2022-05-15",2022,82.5,219.8,337.4
"2022-05-16",2022,90.8,233.1,354.8
"2022-05-17",2022,92.3,239.6,355.2
"2022-05-18",2022,92.3,244.1,355.2
"2022-05-19",2022,92.3,248.4,366
"2022-05-20",2022,98.8,259.9,366
"2022-05-21",2022,111.3,277.4,366.4
"2022-05-22",2022,118.1,289.2,367.4
"2022-05-23",2022,119.9,296,367.6
"2022-05-24",2022,122.4,303.5,367.6
"2022-05-25",2022,126.7,312.8,367.6
"2022-05-26",2022,133.7,324.8,377.6
"2022-05-27",2022,141.7,337.8,386.6
"2022-05-28",2022,150,351.1,386.6
"2022-05-29",2022,156.8,362.9,386.6
"2022-05-30",2022,166.3,377.4,386.6
"2022-05-31",2022,180.1,396.2,397.6
"2022-06-01",2022,185.6,406.7,415.6
"2022-06-02",2022,190.9,417,420
"2022-06-03",2022,198.2,429.3,421.4
"2022-06-04",2022,203,439.1,421.4
"2022-06-05",2022,207.5,448.6,421.4
"2022-06-06",2022,212.5,458.6,432.8
"2022-06-07",2022,219,470.1,454.2
"2022-06-08",2022,227,483.1,457
"2022-06-09",2022,232.3,493.4,460.2
"2022-06-10",2022,238.1,504.2,470
"2022-06-11",2022,243.6,514.7,470.4
"2022-06-12",2022,251.1,527.2,471.2
"2022-06-13",2022,258.6,539.7,471.2
"2022-06-14",2022,265.1,551.2,471.2
"2022-06-15",2022,274.9,566,472
"2022-06-16",2022,288.9,585,484.2
"2022-06-17",2022,297.2,598.3,484.2
"2022-06-18",2022,301.2,607.3,484.2
"2022-06-19",2022,306,617.1,484.2
"2022-06-20",2022,312.3,628.4,485.4
"2022-06-21",2022,320.1,641.2,485.4
"2022-06-22",2022,332.1,658.2,485.4
"2022-06-23",2022,342.1,673.2,485.4
"2022-06-24",2022,352.4,688.5,485.4
"2022-06-25",2022,364.7,705.8,485.4
"2022-06-26",2022,377.7,723.8,492
"2022-06-27",2022,386.5,737.6,492
"2022-06-28",2022,393.8,749.9,492
"2022-06-29",2022,400.8,761.9,492.6
"2022-06-30",2022,407.8,773.9,492.6
"2022-07-01",2022,421.1,792.2,492.6
"2022-07-02",2022,431.9,808,492.6
"2022-07-03",2022,440.4,821.5,492.6
"2022-07-04",2022,449.2,835.3,497.4
"2022-07-05",2022,457.5,848.6,507.4
"2022-07-06",2022,467,863.1,507.4
"2022-07-07",2022,475,876.1,507.4
"2022-07-08",2022,485.5,891.6,507.4
"2022-07-09",2022,492.3,903.4,507.4
"2022-07-10",2022,500.6,916.7,507.4
"2022-07-11",2022,512.4,933.5,520.4
"2022-07-12",2022,524.7,950.8,520.8
"2022-07-13",2022,533.7,964.8,534.6
"2022-07-14",2022,542.5,978.6,541.4
"2022-07-15",2022,551.8,992.9,541.4
"2022-07-16",2022,563.1,1009.2,541.4
"2022-07-17",2022,575.4,1026.5,541.4
"2022-07-18",2022,586.9,1043,584.2
"2022-07-19",2022,600.9,1062,584.2
"2022-07-20",2022,616.7,1082.8,592
"2022-07-21",2022,630.2,1101.3,596
"2022-07-22",2022,643.7,1119.8,596
"2022-07-23",2022,657.5,1138.6,596
"2022-07-24",2022,670.8,1156.9,611.8
"2022-07-25",2022,681.8,1172.9,611.8
"2022-07-26",2022,690.1,1186.2,611.8
"2022-07-27",2022,699.1,1200.2,611.8
"2022-07-28",2022,711.1,1217.2,625.2
"2022-07-29",2022,721.6,1232.7,625.2
"2022-07-30",2022,731.4,1247.5,625.2
"2022-07-31",2022,741.7,1262.8,625.2
"2022-08-01",2022,753,1279.1,625.2
"2022-08-02",2022,765.3,1296.4,628.2
"2022-08-03",2022,774.3,1310.4,628.6
"2022-08-04",2022,789.1,1330.2,628.6
"2022-08-05",2022,803.4,1349.5,628.6
"2022-08-06",2022,817.4,1368.5,628.6
"2022-08-07",2022,833.7,1389.8,629
"2022-08-08",2022,850.2,1411.3,629
"2022-08-09",2022,858.7,1424.8,629
"2022-08-10",2022,869,1440.1,629
"2022-08-11",2022,879.3,1455.4,629
"2022-08-12",2022,886.1,1467.2,629
"2022-08-13",2022,893.1,1479.2,629
"2022-08-14",2022,901.6,1492.7,629
"2022-08-15",2022,911.1,1507.2,629
"2022-08-16",2022,922.6,1523.7,629
"2022-08-17",2022,933.9,1540,629
"2022-08-18",2022,946.2,1557.3,629
"2022-08-19",2022,958,1574.1,629
"2022-08-20",2022,971.3,1592.4,632.8
"2022-08-21",2022,981.6,1607.7,675.2
"2022-08-22",2022,992.4,1623.5,711
"2022-08-23",2022,1003.4,1639.5,726.2
"2022-08-24",2022,1015.4,1656.5,726.2
"2022-08-25",2022,1025.7,1671.8,726.6
"2022-08-26",2022,1037,1688.1,730.6
"2022-08-27",2022,1044.3,1700.4,730.6
"2022-08-28",2022,1052.8,1713.9,730.6
"2022-08-29",2022,1066.6,1732.7,731.4
"2022-08-30",2022,1078.6,1749.7,741
"2022-08-31",2022,1087.1,1763.2,745.4
"2022-09-01",2022,1092.4,1773.5,745.4
"2022-09-02",2022,1099.7,1785.8,745.4
"2022-09-03",2022,1111,1802.1,745.4
"2022-09-04",2022,1115.8,1811.9,745.4
"2022-09-05",2022,1121.6,1822.7,745.4
"2022-09-06",2022,1128.1,1834.2,745.4
"2022-09-07",2022,1137.9,1849,745.4
"2022-09-08",2022,1147.9,1864,745.4
"2022-09-09",2022,1156.9,1878,745.4
"2022-09-10",2022,1168.2,1894.3,745.4
"2022-09-11",2022,1178.7,1909.8,745.4
"2022-09-12",2022,1188,1924.1,746
"2022-09-13",2022,1196.3,1937.4,755.6
"2022-09-14",2022,1205.1,1951.2,756.2
"2022-09-15",2022,1206.1,1957.2,756.2
"2022-09-16",2022,1207.9,1964,757
"2022-09-17",2022,1213.7,1974.8,757.4
"2022-09-18",2022,1222,1988.1,764.4
"2022-09-19",2022,1230.8,2001.9,771.2
"2022-09-20",2022,1237.6,2013.7,771.6
"2022-09-21",2022,1243.9,2025,772
"2022-09-22",2022,1246.9,2033,772.4
"2022-09-23",2022,1246.9,2036.5,772.4
"2022-09-24",2022,1247.9,2042.5,772.4
"2022-09-25",2022,1250.7,2050.3,774.8
"2022-09-26",2022,1255,2059.6,786
"2022-09-27",2022,1258.3,2067.9,791
"2022-09-28",2022,1260.3,2074.9,791
"2022-09-29",2022,1260.3,2079.2,791
"2022-09-30",2022,1260.3,2083.7,791
"2022-10-01",2022,1261.6,2090,791
"2022-10-02",2022,1261.6,2093.5,791
"2022-10-03",2022,1261.6,2095.5,791
"2022-10-04",2022,1261.6,2099.5,791
"2022-10-05",2022,1263.6,2106.5,791
"2022-10-06",2022,1269.1,2117,791.4
"2022-10-07",2022,1269.1,2122,791.4
"2022-10-08",2022,1269.1,2122,791.4
"2022-10-09",2022,1269.9,2127.8,791.4
"2022-10-10",2022,1269.9,2130.3,791.4
"2022-10-11",2022,1269.9,2134.6,791.4
"2022-10-12",2022,1274.2,2143.9,795.8
"2022-10-13",2022,1277.2,2151.9,812
"2022-10-14",2022,1277.7,2157.4,812
"2022-10-15",2022,1277.7,2161.7,814.2
"2022-10-16",2022,1277.7,2164.7,819.4
"2022-10-17",2022,1277.7,2168.2,828.4
"2022-10-18",2022,1277.7,2168.2,833.4
"2022-10-19",2022,1277.7,2168.2,841.4
"2022-10-20",2022,1277.7,2168.2,844.8
"2022-10-21",2022,1277.7,2170.7,844.8
"2022-10-22",2022,1282,2180,844.8
"2022-10-23",2022,1286.5,2189.5,844.8
"2022-10-24",2022,1289.8,2197.8,844.8
"2022-10-25",2022,1295.1,2208.1,844.8
"2022-10-26",2022,1301.6,2219.6,844.8
"2022-10-27",2022,1301.6,2221.4,844.8
"2022-10-28",2022,1301.6,2221.4,844.8
"2022-10-29",2022,1301.6,2223.7,844.8
"2022-10-30",2022,1301.6,2226.7,844.8
"2022-10-31",2022,1301.6,2231.7,848.8
"2022-11-01",2022,1304.9,2240,849.6
"2022-11-02",2022,1305.2,2245.3,849.6
"2022-11-03",2022,1305.2,2249.6,849.6
"2022-11-04",2022,1308,2257.4,849.6
"2022-11-05",2022,1313,2267.4,856
"2022-11-06",2022,1319,2278.4,856
"2022-11-07",2022,1320,2284.4,856
"2022-11-08",2022,1320,2284.4,856
"2022-11-09",2022,1320,2284.4,856
"2022-11-10",2022,1322,2291.4,856
"2022-11-11",2022,1324.8,2299.2,884.2
"2022-11-12",2022,1325.1,2304.5,884.2
"2022-11-13",2022,1325.1,2304.5,885.8
"2022-11-14",2022,1325.1,2304.5,885.8
"2022-11-15",2022,1325.1,2304.5,887.8
"2022-11-16",2022,1325.1,2304.5,887.8
"2022-11-17",2022,1325.1,2304.5,892.8
"2022-11-18",2022,1325.1,2304.5,892.8
"2022-11-19",2022,1325.1,2304.5,893.8
"2022-11-20",2022,1325.1,2304.5,893.8
"2022-11-21",2022,1325.1,2304.5,893.8
"2022-11-22",2022,1325.1,2304.5,893.8
"2022-11-23",2022,1325.1,2304.5,893.8
"2022-11-24",2022,1325.1,2304.5,897.8
"2022-11-25",2022,1325.1,2304.5,898.2
"2022-11-26",2022,1325.1,2304.5,898.2
"2022-11-27",2022,1325.1,2305.3,905
"2022-11-28",2022,1325.1,2305.3,905
"2022-11-29",2022,1325.1,2305.3,907.2
"2022-11-30",2022,1325.1,2305.3,930.6
"2022-12-01",2022,1325.1,2305.3,930.6
"2022-12-02",2022,1325.1,2305.3,931
"2022-12-03",2022,1325.1,2305.8,934.6
"2022-12-04",2022,1325.1,2305.8,934.6
"2022-12-05",2022,1325.1,2305.8,934.6
"2022-12-06",2022,1325.1,2305.8,935.2
"2022-12-07",2022,1325.1,2305.8,936.4
"2022-12-08",2022,1325.1,2305.8,936.4
"2022-12-09",2022,1325.1,2305.8,936.4
"2022-12-10",2022,1325.1,2305.8,936.4
"2022-12-11",2022,1325.1,2305.8,939.4
"2022-12-12",2022,1325.1,2305.8,939.4
"2022-12-13",2022,1325.1,2305.8,939.4
"2022-12-14",2022,1325.1,2305.8,939.4
"2022-12-15",2022,1325.1,2305.8,954.4
"2022-12-16",2022,1325.1,2305.8,959.4
"2022-12-17",2022,1325.1,2305.8,959.4
"2022-12-18",2022,1325.1,2305.8,959.4
"2022-12-19",2022,1325.1,2305.8,959.4
"2022-12-20",2022,1325.1,2305.8,959.4
"2022-12-21",2022,1325.1,2305.8,959.4
"2022-12-22",2022,1325.1,2305.8,995.4
"2022-12-23",2022,1325.1,2305.8,1005.4
"2022-12-24",2022,1325.1,2305.8,1017.4
"2022-12-25",2022,1325.1,2305.8,1017.4
"2022-12-26",2022,1325.1,2305.8,1017.4
"2022-12-27",2022,1325.1,2305.8,1020.4
"2022-12-28",2022,1325.1,2305.8,1020.4
"2022-12-29",2022,1325.1,2305.8,1026.8
"2022-12-30",2022,1325.1,2307.8,1031.6
"2022-12-31",2022,1325.1,2308.3,1046.8
"2023-01-01",2023,0,0,0.4
"2023-01-02",2023,0,0,0.4
"2023-01-03",2023,0,0,0.8
"2023-01-04",2023,0,0,20.6
"2023-01-05",2023,0,0,20.6
"2023-01-06",2023,0,0,20.6
"2023-01-07",2023,0,0,20.6
"2023-01-08",2023,0,0,20.6
"2023-01-09",2023,0,0,20.6
"2023-01-10",2023,0,0,20.6
"2023-01-11",2023,0,0,21.6
"2023-01-12",2023,0,0,32
"2023-01-13",2023,0,0,35
"2023-01-14",2023,0,0,35
"2023-01-15",2023,0,0,35
"2023-01-16",2023,0,0,35
"2023-01-17",2023,0,0,35
"2023-01-18",2023,0,0,35
"2023-01-19",2023,0,0,35
"2023-01-20",2023,0,0,36
"2023-01-21",2023,0,0,36
"2023-01-22",2023,0,0,40
"2023-01-23",2023,0,0,40
"2023-01-24",2023,0,0,40
"2023-01-25",2023,0,0,59
"2023-01-26",2023,0,0,62
"2023-01-27",2023,0,0,64
"2023-01-28",2023,0,0,64
"2023-01-29",2023,0,0,75
"2023-01-30",2023,0,0,75
"2023-01-31",2023,0,0,75
"2023-02-01",2023,0,0,75
"2023-02-02",2023,0,0,75
"2023-02-03",2023,0,0,75
"2023-02-04",2023,0,0,75
"2023-02-05",2023,0,0,75
"2023-02-06",2023,0,0,75
"2023-02-07",2023,0,0,76.2
"2023-02-08",2023,0,0,76.2
"2023-02-09",2023,0,0,99.6
"2023-02-10",2023,0,0,100
"2023-02-11",2023,0,0,100
"2023-02-12",2023,0,0,100
"2023-02-13",2023,0,0,100
"2023-02-14",2023,0,0,100
"2023-02-15",2023,0,0.5,100.8
"2023-02-16",2023,0,0.5,109.2
"2023-02-17",2023,0,0.5,109.2
"2023-02-18",2023,0,0.5,109.2
"2023-02-19",2023,0,0.5,109.2
"2023-02-20",2023,0,0.5,109.2
"2023-02-21",2023,0,0.5,111
"2023-02-22",2023,0,0.5,123
"2023-02-23",2023,0,0.5,123
"2023-02-24",2023,0,0.5,123
"2023-02-25",2023,0,0.5,123
"2023-02-26",2023,0,0.5,123
"2023-02-27",2023,0,0.5,133
"2023-02-28",2023,0,0.5,137
"2023-03-01",2023,0,0.5,137
"2023-03-02",2023,0,0.5,137
"2023-03-03",2023,0,0.5,159
"2023-03-04",2023,0,0.5,159
"2023-03-05",2023,0,0.5,159
"2023-03-06",2023,0,0.5,159
"2023-03-07",2023,0,0.5,159
"2023-03-08",2023,0,0.5,159
"2023-03-09",2023,0,0.5,159
"2023-03-10",2023,0,0.5,160
"2023-03-11",2023,0,0.5,160
"2023-03-12",2023,0,0.5,160
"2023-03-13",2023,0,0.5,163
"2023-03-14",2023,0,0.5,164
"2023-03-15",2023,0,0.5,164
"2023-03-16",2023,0,0.5,164.6
"2023-03-17",2023,0,0.5,173.4
"2023-03-18",2023,0,0.5,173.4
"2023-03-19",2023,0,0.5,173.4
"2023-03-20",2023,0,0.5,173.4
"2023-03-21",2023,0,0.8,173.4
"2023-03-22",2023,0,0.8,175.8
"2023-03-23",2023,0,0.8,180.8
"2023-03-24",2023,0,0.8,180.8
"2023-03-25",2023,0,0.8,198.6
"2023-03-26",2023,0,0.8,198.6
"2023-03-27",2023,0,0.8,198.6
"2023-03-28",2023,0,0.8,198.6
"2023-03-29",2023,0,0.8,199.6
"2023-03-30",2023,0,0.8,199.6
"2023-03-31",2023,0,0.8,222
"2023-04-01",2023,0,3.8,222.4
"2023-04-02",2023,0,3.8,222.4
"2023-04-03",2023,0,3.8,222.4
"2023-04-04",2023,0,4.8,222.8
"2023-04-05",2023,0,5.3,257.6
"2023-04-06",2023,0,6.1,257.6
"2023-04-07",2023,0,6.1,257.6
"2023-04-08",2023,0,6.1,257.6
"2023-04-09",2023,0,6.1,257.6
"2023-04-10",2023,0,8.4,257.6
"2023-04-11",2023,3.3,16.7,257.6
"2023-04-12",2023,7.8,26.2,257.6
"2023-04-13",2023,16.8,40.2,257.6
"2023-04-14",2023,25.6,54,257.6
"2023-04-15",2023,33.9,67.3,257.6
"2023-04-16",2023,42.7,81.1,257.6
"2023-04-17",2023,42.7,85.4,261.4
"2023-04-18",2023,42.7,85.4,262.2
"2023-04-19",2023,42.7,85.4,262.2
"2023-04-20",2023,42.7,85.7,262.2
"2023-04-21",2023,47.2,95.2,267.8
"2023-04-22",2023,52.2,105.2,282
"2023-04-23",2023,52.2,108.7,282
"2023-04-24",2023,52.2,111.5,282
"2023-04-25",2023,52.2,111.8,286
"2023-04-26",2023,52.2,112.3,288
"2023-04-27",2023,52.2,115.1,288
"2023-04-28",2023,53.2,121.1,293.6
"2023-04-29",2023,53.2,124.6,305.6
"2023-04-30",2023,54,130.4,349.6
"2023-05-01",2023,54,133.7,354.6
"2023-05-02",2023,54,135.7,356
"2023-05-03",2023,54,137,365.6
"2023-05-04",2023,54,140,366
"2023-05-05",2023,54.3,145.3,366
"2023-05-06",2023,57.1,153.1,366
"2023-05-07",2023,60.6,161.6,366.6
"2023-05-08",2023,63.4,169.4,366.6
"2023-05-09",2023,64.2,175.2,366.6
"2023-05-10",2023,66.5,182.5,366.6
"2023-05-11",2023,72.5,193.5,366.6
"2023-05-12",2023,81.3,207.3,366.6
"2023-05-13",2023,87.3,218.3,366.6
"2023-05-14",2023,88.8,224.8,366.6
"2023-05-15",2023,91.6,232.6,366.6
"2023-05-16",2023,95.4,241.4,366.6
"2023-05-17",2023,95.4,241.7,366.6
"2023-05-18",2023,95.4,243.2,366.6
"2023-05-19",2023,98.7,251.5,368
"2023-05-20",2023,102.5,260.3,383.4
"2023-05-21",2023,107.8,270.6,386.6
"2023-05-22",2023,109.3,277.1,386.6
"2023-05-23",2023,110.8,283.6,386.6
"2023-05-24",2023,111.8,289.6,392.6
"2023-05-25",2023,111.8,294.4,392.6
"2023-05-26",2023,114.1,301.7,392.6
"2023-05-27",2023,120.6,313.2,392.6
"2023-05-28",2023,128.6,326.2,392.6
"2023-05-29",2023,137.6,340.2,392.6
"2023-05-30",2023,144.9,352.5,392.6
"2023-05-31",2023,155.2,367.8,392.6
"2023-06-01",2023,168.5,386.1,392.6
"2023-06-02",2023,182.3,404.9,392.6
"2023-06-03",2023,189.1,416.7,392.6
"2023-06-04",2023,192.6,425.2,392.6
"2023-06-05",2023,197.9,435.5,392.6
"2023-06-06",2023,203.9,446.5,392.6
"2023-06-07",2023,207.4,455,393.4
"2023-06-08",2023,210.9,463.5,393.4
"2023-06-09",2023,214.9,472.5,394.4
"2023-06-10",2023,220.4,483,394.8
"2023-06-11",2023,225.9,493.5,396.8
"2023-06-12",2023,233.4,506,417.4
"2023-06-13",2023,239.9,517.5,419.4
"2023-06-14",2023,243.4,526,431.8
"2023-06-15",2023,252.9,540.5,431.8
"2023-06-16",2023,260.9,553.5,453
"2023-06-17",2023,266.7,564.3,453
"2023-06-18",2023,273.7,576.3,453
"2023-06-19",2023,283,590.6,453
"2023-06-20",2023,293,605.6,453
"2023-06-21",2023,304,621.6,453
"2023-06-22",2023,315,637.6,453
"2023-06-23",2023,326.3,653.9,454
"2023-06-24",2023,338.6,671.2,460.2
"2023-06-25",2023,350.1,687.7,460.6
"2023-06-26",2023,362.9,705.5,463.4
"2023-06-27",2023,374.2,721.8,468.2
"2023-06-28",2023,381.5,734.1,468.2
"2023-06-29",2023,391,748.6,468.6
"2023-06-30",2023,400.5,763.1,469.2
"2023-07-01",2023,413.8,781.4,481
"2023-07-02",2023,425.6,798.2,481
"2023-07-03",2023,437.9,815.5,481
"2023-07-04",2023,451.7,834.3,481
"2023-07-05",2023,467,854.6,481
"2023-07-06",2023,481.3,873.9,484.8
"2023-07-07",2023,495.6,893.2,484.8
"2023-07-08",2023,505.4,908,485.4
"2023-07-09",2023,516.4,924,485.6
"2023-07-10",2023,528.2,940.8,485.6
"2023-07-11",2023,542,959.6,489.6
"2023-07-12",2023,551.8,974.4,493.2
"2023-07-13",2023,562.6,990.2,502
"2023-07-14",2023,572.6,1005.2,502
"2023-07-15",2023,583.4,1021,536.4
"2023-07-16",2023,595.4,1038,536.4
"2023-07-17",2023,607.4,1055,538.4
"2023-07-18",2023,619.4,1072,542.4
"2023-07-19",2023,628.7,1086.3,542.4
"2023-07-20",2023,639.5,1102.1,557.4
"2023-07-21",2023,649.5,1117.1,558.8
"2023-07-22",2023,659.8,1132.4,558.8
"2023-07-23",2023,670.3,1147.9,558.8
"2023-07-24",2023,682.1,1164.7,558.8
"2023-07-25",2023,693.9,1181.5,558.8
"2023-07-26",2023,706.9,1199.5,588.4
"2023-07-27",2023,720.9,1218.5,589
"2023-07-28",2023,734.7,1237.3,589
"2023-07-29",2023,741.5,1249.1,595.8
"2023-07-30",2023,748.8,1261.4,595.8
"2023-07-31",2023,756.3,1273.9,595.8
"2023-08-01",2023,762.3,1284.9,596.4
"2023-08-02",2023,771.1,1298.7,598.7
"2023-08-03",2023,782.6,1315.2,608.5
"2023-08-04",2023,793.4,1331,610.5
"2023-08-05",2023,803.2,1345.8,610.5
"2023-08-06",2023,813,1360.6,612.5
"2023-08-07",2023,824.5,1377.1,621.7
"2023-08-08",2023,835.3,1392.9,624.1
"2023-08-09",2023,846.3,1408.9,624.1
"2023-08-10",2023,855.3,1422.9,648.5
"2023-08-11",2023,864.1,1436.7,648.5
"2023-08-12",2023,873.1,1450.7,652.5
"2023-08-13",2023,882.6,1465.2,652.9
"2023-08-14",2023,891.6,1479.2,652.9
"2023-08-15",2023,902.1,1494.7,653.5
"2023-08-16",2023,914.6,1512.2,653.5
"2023-08-17",2023,925.9,1528.5,680.9
"2023-08-18",2023,934.2,1541.8,685.9
"2023-08-19",2023,943,1555.6,686.3
"2023-08-20",2023,953.5,1571.1,686.3
"2023-08-21",2023,963,1585.6,686.3
"2023-08-22",2023,970.8,1598.4,686.3
"2023-08-23",2023,980.8,1613.4,686.3
"2023-08-24",2023,988.8,1626.4,689.5
"2023-08-25",2023,999.6,1642.2,689.5
"2023-08-26",2023,1008.4,1656,689.5
"2023-08-27",2023,1015.2,1667.8,689.5
"2023-08-28",2023,1022.7,1680.3,689.5
"2023-08-29",2023,1031.5,1694.1,693.9
"2023-08-30",2023,1039,1706.6,694.5
"2023-08-31",2023,1043.3,1715.9,694.5
"2023-09-01",2023,1049.8,1727.4,694.5
"2023-09-02",2023,1059.1,1741.7,694.9
"2023-09-03",2023,1071.1,1758.7,694.9
"2023-09-04",2023,1084.6,1777.2,694.9
"2023-09-05",2023,1099.9,1797.5,694.9
"2023-09-06",2023,1114.9,1817.5,694.9
"2023-09-07",2023,1129.4,1837,695.3
"2023-09-08",2023,1139.7,1852.3,695.3
"2023-09-09",2023,1146.7,1864.3,695.7
"2023-09-10",2023,1155.7,1878.3,695.7
"2023-09-11",2023,1164,1891.6,695.7
"2023-09-12",2023,1170.8,1903.4,697.1
"2023-09-13",2023,1177.6,1915.2,697.1
"2023-09-14",2023,1181.4,1924,697.1
"2023-09-15",2023,1185.2,1932.8,697.1
"2023-09-16",2023,1189.7,1942.3,697.1
"2023-09-17",2023,1194.7,1952.3,697.1
"2023-09-18",2023,1200.5,1963.1,700.9
"2023-09-19",2023,1206.5,1974.1,700.9
"2023-09-20",2023,1208.5,1981.1,700.9
"2023-09-21",2023,1211.3,1988.9,700.9
"2023-09-22",2023,1215.3,1997.9,700.9
"2023-09-23",2023,1220.1,2007.7,700.9
"2023-09-24",2023,1226.9,2019.5,700.9
"2023-09-25",2023,1233.4,2031,700.9
"2023-09-26",2023,1238.7,2041.3,700.9
"2023-09-27",2023,1242.7,2050.3,700.9
"2023-09-28",2023,1247.2,2059.8,700.9
"2023-09-29",2023,1254,2071.6,700.9
"2023-09-30",2023,1260.3,2082.9,700.9
"2023-10-01",2023,1268.6,2096.2,700.9
"2023-10-02",2023,1276.9,2109.5,700.9
"2023-10-03",2023,1289.7,2127.3,700.9
"2023-10-04",2023,1301.5,2144.1,700.9
"2023-10-05",2023,1313.3,2160.9,701.5
"2023-10-06",2023,1322.6,2175.2,715.9
"2023-10-07",2023,1325.4,2183,721.1
"2023-10-08",2023,1325.4,2186.8,722.7
"2023-10-09",2023,1325.4,2189.8,723.5
"2023-10-10",2023,1325.4,2194.6,726.1
"2023-10-11",2023,1326.4,2200.6,726.5
"2023-10-12",2023,1326.4,2205.1,726.5
"2023-10-13",2023,1326.4,2209.4,726.5
"2023-10-14",2023,1326.4,2213.9,726.5
"2023-10-15",2023,1326.4,2217.4,727.1
"2023-10-16",2023,1327.4,2223.4,727.5
"2023-10-17",2023,1327.4,2225.9,727.5
"2023-10-18",2023,1327.9,2231.4,727.5
"2023-10-19",2023,1329.2,2237.7,727.5
"2023-10-20",2023,1333.5,2247,730.5
"2023-10-21",2023,1335,2253.5,731.9
"2023-10-22",2023,1335,2253.5,736.5
"2023-10-23",2023,1335,2253.5,737.9
"2023-10-24",2023,1335,2258.5,738.7
"2023-10-25",2023,1341.8,2270.3,739.1
"2023-10-26",2023,1346.6,2280.1,746.1
"2023-10-27",2023,1354.6,2293.1,746.5
"2023-10-28",2023,1358.6,2302.1,746.5
"2023-10-29",2023,1358.6,2302.1,753.5
"2023-10-30",2023,1358.6,2302.1,754.3
"2023-10-31",2023,1358.6,2302.1,754.3
"2023-11-01",2023,1358.6,2302.1,754.3
"2023-11-02",2023,1358.6,2302.1,754.3
"2023-11-03",2023,1358.6,2306.4,754.5
"2023-11-04",2023,1358.6,2310.2,754.5
"2023-11-05",2023,1358.6,2310.2,754.5
"2023-11-06",2023,1358.6,2311,755.7
"2023-11-07",2023,1358.6,2313.5,756.1
"2023-11-08",2023,1358.6,2313.5,765.3
"2023-11-09",2023,1358.6,2313.5,765.3
"2023-11-10",2023,1358.6,2313.5,765.3
"2023-11-11",2023,1358.6,2313.5,765.3
"2023-11-12",2023,1358.6,2313.5,765.3
"2023-11-13",2023,1358.6,2313.5,765.7
"2023-11-14",2023,1358.6,2313.5,765.7
"2023-11-15",2023,1358.6,2313.8,765.7
"2023-11-16",2023,1358.6,2315.6,765.7
"2023-11-17",2023,1358.6,2320.4,771.5
"2023-11-18",2023,1358.6,2320.4,771.5
"2023-11-19",2023,1358.6,2320.4,771.5
"2023-11-20",2023,1358.6,2320.4,771.5
"2023-11-21",2023,1358.6,2320.4,794.8
"2023-11-22",2023,1358.6,2320.4,795.4
"2023-11-23",2023,1358.6,2320.4,795.4
"2023-11-24",2023,1358.6,2320.4,795.4
"2023-11-25",2023,1358.6,2320.4,795.4
"2023-11-26",2023,1358.6,2320.4,802.8
"2023-11-27",2023,1358.6,2320.4,802.8
"2023-11-28",2023,1358.6,2320.4,802.8
"2023-11-29",2023,1358.6,2320.4,802.8
"2023-11-30",2023,1358.6,2320.4,802.8
"2023-12-01",2023,1358.6,2320.4,814
"2023-12-02",2023,1358.6,2320.4,815.6
"2023-12-03",2023,1358.6,2320.4,843.2
"2023-12-04",2023,1358.6,2320.4,843.2
"2023-12-05",2023,1358.6,2320.4,843.2
"2023-12-06",2023,1358.6,2320.4,843.2
"2023-12-07",2023,1358.6,2320.4,847.2
"2023-12-08",2023,1358.6,2320.4,847.2
"2023-12-09",2023,1358.6,2320.4,858.2
"2023-12-10",2023,1358.6,2321.4,859.6
"2023-12-11",2023,1358.6,2321.4,860
"2023-12-12",2023,1358.6,2321.4,860
"2023-12-13",2023,1358.6,2321.4,860
"2023-12-14",2023,1358.6,2321.4,860
"2023-12-15",2023,1358.6,2322.4,860
"2023-12-16",2023,1358.6,2322.4,860
"2023-12-17",2023,1358.6,2322.4,881.6
"2023-12-18",2023,1358.6,2323.7,893.2
"2023-12-19",2023,1358.6,2323.7,893.2
"2023-12-20",2023,1358.6,2323.7,893.2
"2023-12-21",2023,1358.6,2323.7,893.2
"2023-12-22",2023,1358.6,2323.7,893.2
"2023-12-23",2023,1358.6,2323.7,901.2
"2023-12-24",2023,1358.6,2323.7,901.2
"2023-12-25",2023,1358.6,2323.7,901.2
"2023-12-26",2023,1358.6,2323.7,902.2
"2023-12-27",2023,1358.6,2323.7,913.2
"2023-12-28",2023,1358.6,2323.7,916.6
"2023-12-29",2023,1358.6,2323.7,919.8
"2023-12-30",2023,1358.6,2323.7,919.8
"2023-12-31",2023,1358.6,2323.7,919.8
