"ind","pop","fam","lat","lon"
"E1-1","15","22",44.2915,-79.04909003
"E1-2","18","77",45.76868,-79.39777502
"E1-3","11","60",43.28958,-76.128568
"E1-4","17","30",45.02376,-79.31190301
"E1-5","12","75",44.54749,-76.12868903
"E1-6","17","59",45.02376,-79.31190301
"E1-7","9","72",42.79109,-76.135327
"E1-8","13","27",44.6076,-76.27898502
"E1-9","13","53",44.6076,-76.27898502
"E1-10","1","7",38.8235,-77.71118397
"E1-11","16","9",44.75284,-79.33799797
"E1-12","15","42",44.2915,-79.04909003
"E1-13","9","49",42.79109,-76.135327
"E1-14","20","43",48.10384,-80.19977597
"E1-15","1","47",38.8235,-77.71118397
"E1-16","6","19",41.57154,-74.48428896
"E1-17","14","20",44.29771,-78.300041
"E1-18","18","3",45.76868,-79.39777502
"E1-19","4","14",40.06813,-76.90717204
"E1-20","19","6",47.73136,-80.32791398
"E1-21","2","25",38.7966,-77.29988901
"E1-22","1","20",38.8235,-77.71118397
"E1-23","20","7",48.10384,-80.19977597
"E1-24","14","61",44.29771,-78.300041
"E1-25","13","78",44.6076,-76.27898502
"E1-26","11","66",43.28958,-76.128568
"E1-27","13","45",44.6076,-76.27898502
"E1-28","15","14",44.2915,-79.04909003
"E1-29","16","66",44.75284,-79.33799797
"E1-30","12","60",44.54749,-76.12868903
"E1-31","19","26",47.73136,-80.32791398
"E1-32","15","13",44.2915,-79.04909003
"E1-33","12","51",44.54749,-76.12868903
"E1-34","3","31",40.23327,-77.280415
"E1-35","6","21",41.57154,-74.48428896
"E1-36","14","30",44.29771,-78.300041
"E1-37","18","76",45.76868,-79.39777502
"E1-38","6","65",41.57154,-74.48428896
"E1-39","1","26",38.8235,-77.71118397
"E1-40","4","46",40.06813,-76.90717204
"E1-41","19","70",47.73136,-80.32791398
"E1-42","15","39",44.2915,-79.04909003
"E1-43","16","59",44.75284,-79.33799797
"E1-44","20","73",48.10384,-80.19977597
"E1-45","8","43",41.97527,-75.19598002
"E1-46","19","25",47.73136,-80.32791398
"E1-47","5","50",41.42692,-75.63466896
"E1-48","13","61",44.6076,-76.27898502
"E1-49","22","24",46.75552,-79.04650404
"E1-50","20","50",48.10384,-80.19977597
"E1-51","10","2",43.69717,-76.19529499
"E1-52","22","11",46.75552,-79.04650404
"E1-53","6","5",41.57154,-74.48428896
"E1-54","14","72",44.29771,-78.300041
"E1-55","9","27",42.79109,-76.135327
"E1-56","11","68",43.28958,-76.128568
"E1-57","11","15",43.28958,-76.128568
"E1-58","20","47",48.10384,-80.19977597
"E1-59","9","35",42.79109,-76.135327
"E1-60","13","60",44.6076,-76.27898502
"E1-61","4","80",40.06813,-76.90717204
"E1-62","10","8",43.69717,-76.19529499
"E1-63","20","59",48.10384,-80.19977597
"E1-64","19","40",47.73136,-80.32791398
"E1-65","16","79",44.75284,-79.33799797
"E1-66","17","1",45.02376,-79.31190301
"E1-67","17","65",45.02376,-79.31190301
"E1-68","13","37",44.6076,-76.27898502
"E1-69","18","80",45.76868,-79.39777502
"E1-70","14","9",44.29771,-78.300041
"E1-71","1","59",38.8235,-77.71118397
"E1-72","11","30",43.28958,-76.128568
"E1-73","16","38",44.75284,-79.33799797
"E1-74","2","19",38.7966,-77.29988901
"E1-75","18","30",45.76868,-79.39777502
"E1-76","20","30",48.10384,-80.19977597
"E1-77","11","63",43.28958,-76.128568
"E1-78","18","69",45.76868,-79.39777502
"E1-79","3","76",40.23327,-77.280415
"E1-80","8","14",41.97527,-75.19598002
"E1-81","22","15",46.75552,-79.04650404
"E1-82","3","45",40.23327,-77.280415
"E1-83","18","61",45.76868,-79.39777502
"E1-84","17","76",45.02376,-79.31190301
"E1-85","20","37",48.10384,-80.19977597
"E1-86","9","33",42.79109,-76.135327
"E1-87","2","7",38.7966,-77.29988901
"E1-88","22","6",46.75552,-79.04650404
"E1-89","14","21",44.29771,-78.300041
"E1-90","16","5",44.75284,-79.33799797
"E1-91","2","31",38.7966,-77.29988901
"E1-92","14","16",44.29771,-78.300041
"E1-93","13","2",44.6076,-76.27898502
"E1-94","5","34",41.42692,-75.63466896
"E1-95","1","2",38.8235,-77.71118397
"E1-96","1","17",38.8235,-77.71118397
"E1-97","4","47",40.06813,-76.90717204
"E1-98","15","74",44.2915,-79.04909003
"E1-99","2","12",38.7966,-77.29988901
"E1-100","14","39",44.29771,-78.300041
"E1-101","6","36",41.57154,-74.48428896
"E1-102","18","19",45.76868,-79.39777502
"E1-103","20","5",48.10384,-80.19977597
"E1-104","2","77",38.7966,-77.29988901
"E1-105","14","70",44.29771,-78.300041
"E1-106","18","22",45.76868,-79.39777502
"E1-107","11","37",43.28958,-76.128568
"E1-108","1","64",38.8235,-77.71118397
"E1-109","6","20",41.57154,-74.48428896
"E1-110","20","41",48.10384,-80.19977597
"E1-111","8","13",41.97527,-75.19598002
"E1-112","20","23",48.10384,-80.19977597
"E1-113","11","26",43.28958,-76.128568
"E1-114","17","13",45.02376,-79.31190301
"E1-115","8","63",41.97527,-75.19598002
"E1-116","9","54",42.79109,-76.135327
"E1-117","1","25",38.8235,-77.71118397
"E1-118","17","74",45.02376,-79.31190301
"E1-119","16","28",44.75284,-79.33799797
"E1-120","22","46",46.75552,-79.04650404
"E1-121","20","9",48.10384,-80.19977597
"E1-122","22","64",46.75552,-79.04650404
"E1-123","11","41",43.28958,-76.128568
"E1-124","8","36",41.97527,-75.19598002
"E1-125","4","26",40.06813,-76.90717204
"E1-126","4","66",40.06813,-76.90717204
"E1-127","19","53",47.73136,-80.32791398
"E1-128","15","7",44.2915,-79.04909003
"E1-129","3","34",40.23327,-77.280415
"E1-130","16","13",44.75284,-79.33799797
"E1-131","19","31",47.73136,-80.32791398
"E1-132","10","29",43.69717,-76.19529499
"E1-133","14","79",44.29771,-78.300041
"E1-134","10","72",43.69717,-76.19529499
"E1-135","9","36",42.79109,-76.135327
"E1-136","13","26",44.6076,-76.27898502
"E1-137","19","59",47.73136,-80.32791398
"E1-138","6","55",41.57154,-74.48428896
"E1-139","12","52",44.54749,-76.12868903
"E1-140","4","65",40.06813,-76.90717204
"E1-141","11","46",43.28958,-76.128568
"E1-142","22","32",46.75552,-79.04650404
"E1-143","10","7",43.69717,-76.19529499
"E1-144","4","73",40.06813,-76.90717204
"E1-145","4","48",40.06813,-76.90717204
"E1-146","6","56",41.57154,-74.48428896
"E1-147","8","58",41.97527,-75.19598002
"E1-148","8","32",41.97527,-75.19598002
"E1-149","10","30",43.69717,-76.19529499
"E1-150","5","14",41.42692,-75.63466896
"E1-151","12","36",44.54749,-76.12868903
"E1-152","13","47",44.6076,-76.27898502
"E1-153","22","57",46.75552,-79.04650404
"E1-154","1","71",38.8235,-77.71118397
"E1-155","10","37",43.69717,-76.19529499
"E1-156","8","59",41.97527,-75.19598002
"E1-157","12","22",44.54749,-76.12868903
"E1-158","15","72",44.2915,-79.04909003
"E1-159","6","44",41.57154,-74.48428896
"E1-160","2","74",38.7966,-77.29988901
"E1-161","10","80",43.69717,-76.19529499
"E1-162","2","46",38.7966,-77.29988901
"E1-163","18","50",45.76868,-79.39777502
"E1-164","10","76",43.69717,-76.19529499
"E1-165","16","70",44.75284,-79.33799797
"E1-166","8","12",41.97527,-75.19598002
"E1-167","3","53",40.23327,-77.280415
"E1-168","8","75",41.97527,-75.19598002
"E1-169","2","21",38.7966,-77.29988901
"E1-170","10","54",43.69717,-76.19529499
"E1-171","3","46",40.23327,-77.280415
"E1-172","4","64",40.06813,-76.90717204
"E1-173","16","52",44.75284,-79.33799797
"E1-174","8","55",41.97527,-75.19598002
"E1-175","19","69",47.73136,-80.32791398
"E1-176","22","45",46.75552,-79.04650404
"E1-177","1","12",38.8235,-77.71118397
"E1-178","18","2",45.76868,-79.39777502
"E1-179","12","68",44.54749,-76.12868903
"E1-180","17","70",45.02376,-79.31190301
"E1-181","17","48",45.02376,-79.31190301
"E1-182","3","75",40.23327,-77.280415
"E1-183","15","56",44.2915,-79.04909003
"E1-184","14","17",44.29771,-78.300041
"E1-185","12","3",44.54749,-76.12868903
"E1-186","17","21",45.02376,-79.31190301
"E1-187","3","24",40.23327,-77.280415
"E1-188","13","33",44.6076,-76.27898502
"E1-189","5","28",41.42692,-75.63466896
"E1-190","2","35",38.7966,-77.29988901
"E1-191","11","58",43.28958,-76.128568
"E1-192","22","48",46.75552,-79.04650404
"E1-193","15","23",44.2915,-79.04909003
"E1-194","10","62",43.69717,-76.19529499
"E1-195","5","37",41.42692,-75.63466896
"E1-196","12","6",44.54749,-76.12868903
"E1-197","5","74",41.42692,-75.63466896
"E1-198","12","47",44.54749,-76.12868903
"E1-199","12","29",44.54749,-76.12868903
"E1-200","19","38",47.73136,-80.32791398
"E2-1","6","5",41.57154,-74.48428896
"E2-2","15","74",44.2915,-79.04909003
"E2-3","11","26",43.28958,-76.128568
"E2-4","3","46",40.23327,-77.280415
"E2-5","8","43",41.97527,-75.19598002
"E2-6","9","54",42.79109,-76.135327
"E2-7","14","79",44.29771,-78.300041
"E2-8","9","27",42.79109,-76.135327
"E2-9","22","64",46.75552,-79.04650404
"E2-10","4","14",40.06813,-76.90717204
"E2-11","12","29",44.54749,-76.12868903
"E2-12","18","2",45.76868,-79.39777502
"E2-13","19","69",47.73136,-80.32791398
"E2-14","10","29",43.69717,-76.19529499
"E2-15","17","59",45.02376,-79.31190301
"E2-16","10","76",43.69717,-76.19529499
"E2-17","14","39",44.29771,-78.300041
"E2-18","19","59",47.73136,-80.32791398
"E2-19","10","72",43.69717,-76.19529499
"E2-20","5","37",41.42692,-75.63466896
"E2-21","10","7",43.69717,-76.19529499
"E2-22","14","21",44.29771,-78.300041
"E2-23","4","48",40.06813,-76.90717204
"E2-24","16","70",44.75284,-79.33799797
"E2-25","13","45",44.6076,-76.27898502
"E2-26","12","60",44.54749,-76.12868903
"E2-27","13","47",44.6076,-76.27898502
"E2-28","3","34",40.23327,-77.280415
"E2-29","14","61",44.29771,-78.300041
"E2-30","19","6",47.73136,-80.32791398
"E2-31","17","30",45.02376,-79.31190301
"E2-32","11","63",43.28958,-76.128568
"E2-33","2","12",38.7966,-77.29988901
"E2-34","22","73",46.75552,-79.04650404
"E2-35","3","75",40.23327,-77.280415
"E2-36","2","31",38.7966,-77.29988901
"E2-37","11","30",43.28958,-76.128568
"E2-38","17","74",45.02376,-79.31190301
"E2-39","16","9",44.75284,-79.33799797
"E2-40","13","78",44.6076,-76.27898502
"E2-41","18","76",45.76868,-79.39777502
"E2-42","14","30",44.29771,-78.300041
"E2-43","6","44",41.57154,-74.48428896
"E2-44","11","58",43.28958,-76.128568
"E2-45","9","49",42.79109,-76.135327
"E2-46","16","28",44.75284,-79.33799797
"E2-47","6","36",41.57154,-74.48428896
"E2-48","12","36",44.54749,-76.12868903
"E2-49","13","37",44.6076,-76.27898502
"E2-50","20","43",48.10384,-80.19977597
"E2-51","11","41",43.28958,-76.128568
"E2-52","20","41",48.10384,-80.19977597
"E2-53","2","25",38.7966,-77.29988901
"E2-54","9","33",42.79109,-76.135327
"E2-55","20","47",48.10384,-80.19977597
"E2-56","22","32",46.75552,-79.04650404
"E2-57","15","13",44.2915,-79.04909003
"E2-58","9","36",42.79109,-76.135327
"E2-59","1","17",38.8235,-77.71118397
"E2-60","10","62",43.69717,-76.19529499
"E2-61","1","25",38.8235,-77.71118397
"E2-62","11","66",43.28958,-76.128568
"E2-63","20","50",48.10384,-80.19977597
"E2-64","6","19",41.57154,-74.48428896
"E2-65","2","19",38.7966,-77.29988901
"E2-66","20","59",48.10384,-80.19977597
"E2-67","1","2",38.8235,-77.71118397
"E2-68","8","32",41.97527,-75.19598002
"E2-69","8","13",41.97527,-75.19598002
"E2-70","18","3",45.76868,-79.39777502
"E2-71","15","42",44.2915,-79.04909003
"E2-72","19","31",47.73136,-80.32791398
"E2-73","22","11",46.75552,-79.04650404
"E2-74","11","60",43.28958,-76.128568
"E2-75","5","50",41.42692,-75.63466896
"E2-76","2","7",38.7966,-77.29988901
"E2-77","8","12",41.97527,-75.19598002
"E2-78","13","27",44.6076,-76.27898502
"E2-79","16","13",44.75284,-79.33799797
"E2-80","1","26",38.8235,-77.71118397
"E2-81","3","45",40.23327,-77.280415
"E2-82","14","17",44.29771,-78.300041
"E2-83","2","21",38.7966,-77.29988901
"E2-84","19","40",47.73136,-80.32791398
"E2-85","12","51",44.54749,-76.12868903
"E2-86","10","8",43.69717,-76.19529499
"E2-87","16","79",44.75284,-79.33799797
"E2-88","18","30",45.76868,-79.39777502
"E2-89","19","53",47.73136,-80.32791398
"E2-90","11","37",43.28958,-76.128568
"E2-91","5","28",41.42692,-75.63466896
"E2-92","4","46",40.06813,-76.90717204
"E2-93","1","47",38.8235,-77.71118397
"E2-94","18","61",45.76868,-79.39777502
"E2-95","17","65",45.02376,-79.31190301
"E2-96","6","21",41.57154,-74.48428896
"E2-97","8","58",41.97527,-75.19598002
"E2-98","4","47",40.06813,-76.90717204
"E2-99","22","6",46.75552,-79.04650404
"E2-100","14","72",44.29771,-78.300041
"E2-103","5","34",41.42692,-75.63466896
"E2-108","15","23",44.2915,-79.04909003
"E2-109","20","9",48.10384,-80.19977597
"E2-111","18","19",45.76868,-79.39777502
"E2-112","11","68",43.28958,-76.128568
"E2-113","17","76",45.02376,-79.31190301
"E2-114","18","80",45.76868,-79.39777502
"E2-115","1","71",38.8235,-77.71118397
"E2-116","22","46",46.75552,-79.04650404
"E2-117","19","70",47.73136,-80.32791398
"E2-118","2","46",38.7966,-77.29988901
"E2-119","12","52",44.54749,-76.12868903
"E2-120","10","2",43.69717,-76.19529499
"E2-121","13","33",44.6076,-76.27898502
"E2-122","17","70",45.02376,-79.31190301
"E2-123","22","48",46.75552,-79.04650404
"E2-124","4","64",40.06813,-76.90717204
"E2-125","3","24",40.23327,-77.280415
"E2-126","12","3",44.54749,-76.12868903
"E2-127","13","2",44.6076,-76.27898502
"E2-128","8","63",41.97527,-75.19598002
"E2-129","6","56",41.57154,-74.48428896
"E2-130","16","59",44.75284,-79.33799797
"E2-131","3","31",40.23327,-77.280415
"E2-132","3","76",40.23327,-77.280415
"E2-133","1","64",38.8235,-77.71118397
"E2-134","2","74",38.7966,-77.29988901
"E2-135","6","55",41.57154,-74.48428896
"E2-136","5","14",41.42692,-75.63466896
"E2-137","8","36",41.97527,-75.19598002
"E2-138","16","38",44.75284,-79.33799797
"E2-139","4","66",40.06813,-76.90717204
"E2-140","10","80",43.69717,-76.19529499
"E2-141","20","5",48.10384,-80.19977597
"E2-142","4","80",40.06813,-76.90717204
"E2-143","11","46",43.28958,-76.128568
"E2-144","20","7",48.10384,-80.19977597
"E2-145","14","16",44.29771,-78.300041
"E2-146","13","26",44.6076,-76.27898502
"E2-147","2","77",38.7966,-77.29988901
"E2-148","15","39",44.2915,-79.04909003
"E2-149","15","72",44.2915,-79.04909003
"E2-150","17","21",45.02376,-79.31190301
"E2-151","17","13",45.02376,-79.31190301
"E2-152","20","30",48.10384,-80.19977597
"E2-153","13","60",44.6076,-76.27898502
"E2-154","20","23",48.10384,-80.19977597
"E2-155","13","53",44.6076,-76.27898502
"E2-156","10","37",43.69717,-76.19529499
"E2-157","6","65",41.57154,-74.48428896
"E2-158","15","56",44.2915,-79.04909003
"E2-159","8","75",41.97527,-75.19598002
"E2-160","14","9",44.29771,-78.300041
"E2-161","20","73",48.10384,-80.19977597
"E2-162","4","65",40.06813,-76.90717204
"E2-163","17","1",45.02376,-79.31190301
"E2-164","2","35",38.7966,-77.29988901
"E2-165","10","54",43.69717,-76.19529499
"E2-166","9","72",42.79109,-76.135327
"E2-167","14","20",44.29771,-78.300041
"E2-168","15","22",44.2915,-79.04909003
"E2-169","12","6",44.54749,-76.12868903
"E2-170","12","68",44.54749,-76.12868903
"E2-171","15","7",44.2915,-79.04909003
"E2-172","12","22",44.54749,-76.12868903
"E2-173","17","48",45.02376,-79.31190301
"E2-174","1","59",38.8235,-77.71118397
"E2-175","1","7",38.8235,-77.71118397
"E2-176","11","15",43.28958,-76.128568
"E2-177","22","57",46.75552,-79.04650404
"E2-178","22","45",46.75552,-79.04650404
"E2-179","12","47",44.54749,-76.12868903
"E2-180","19","38",47.73136,-80.32791398
"E2-181","22","15",46.75552,-79.04650404
"E2-182","18","69",45.76868,-79.39777502
"E2-183","16","66",44.75284,-79.33799797
"E2-184","20","37",48.10384,-80.19977597
"E2-185","1","20",38.8235,-77.71118397
"E2-186","8","14",41.97527,-75.19598002
"E2-187","3","53",40.23327,-77.280415
"E2-188","12","75",44.54749,-76.12868903
"E2-189","4","73",40.06813,-76.90717204
"E2-190","22","24",46.75552,-79.04650404
"E2-191","16","52",44.75284,-79.33799797
"E2-192","18","22",45.76868,-79.39777502
"E2-193","15","14",44.2915,-79.04909003
"E2-194","19","26",47.73136,-80.32791398
"E2-195","1","12",38.8235,-77.71118397
"E2-196","19","25",47.73136,-80.32791398
"E2-197","4","26",40.06813,-76.90717204
"E2-198","18","77",45.76868,-79.39777502
"E2-199","6","20",41.57154,-74.48428896
"E2-200","13","61",44.6076,-76.27898502
"E2-201","10","30",43.69717,-76.19529499
"E2-202","16","5",44.75284,-79.33799797
"E2-203","18","50",45.76868,-79.39777502
"E2-204","8","59",41.97527,-75.19598002
"E2-205","14","70",44.29771,-78.300041
"E3-1","10","62",43.69717,-76.19529499
"E3-2","16","70",44.75284,-79.33799797
"E3-3","17","48",45.02376,-79.31190301
"E3-4","22","15",46.75552,-79.04650404
"E3-5","14","79",44.29771,-78.300041
"E3-6","6","56",41.57154,-74.48428896
"E3-7","8","58",41.97527,-75.19598002
"E3-8","4","46",40.06813,-76.90717204
"E3-9","1","12",38.8235,-77.71118397
"E3-10","18","2",45.76868,-79.39777502
"E3-11","18","61",45.76868,-79.39777502
"E3-12","15","74",44.2915,-79.04909003
"E3-13","22","48",46.75552,-79.04650404
"E3-14","13","61",44.6076,-76.27898502
"E3-15","2","12",38.7966,-77.29988901
"E3-16","13","45",44.6076,-76.27898502
"E3-17","16","66",44.75284,-79.33799797
"E3-18","5","74",41.42692,-75.63466896
"E3-19","1","20",38.8235,-77.71118397
"E3-20","11","68",43.28958,-76.128568
"E3-21","19","26",47.73136,-80.32791398
"E3-22","5","14",41.42692,-75.63466896
"E3-23","20","73",48.10384,-80.19977597
"E3-24","11","30",43.28958,-76.128568
"E3-25","2","7",38.7966,-77.29988901
"E3-26","6","21",41.57154,-74.48428896
"E3-27","13","47",44.6076,-76.27898502
"E3-28","22","11",46.75552,-79.04650404
"E3-29","15","42",44.2915,-79.04909003
"E3-30","1","7",38.8235,-77.71118397
"E3-31","1","64",38.8235,-77.71118397
"E3-32","20","50",48.10384,-80.19977597
"E3-33","4","64",40.06813,-76.90717204
"E3-34","3","53",40.23327,-77.280415
"E3-35","17","65",45.02376,-79.31190301
"E3-36","8","12",41.97527,-75.19598002
"E3-37","18","22",45.76868,-79.39777502
"E3-38","20","43",48.10384,-80.19977597
"E3-39","2","31",38.7966,-77.29988901
"E3-40","20","7",48.10384,-80.19977597
"E3-41","8","59",41.97527,-75.19598002
"E3-42","8","63",41.97527,-75.19598002
"E3-43","10","8",43.69717,-76.19529499
"E3-44","12","52",44.54749,-76.12868903
"E3-45","16","5",44.75284,-79.33799797
"E3-46","17","70",45.02376,-79.31190301
"E3-47","14","39",44.29771,-78.300041
"E3-48","12","6",44.54749,-76.12868903
"E3-49","22","73",46.75552,-79.04650404
"E3-50","19","59",47.73136,-80.32791398
"E3-51","19","53",47.73136,-80.32791398
"E3-52","11","46",43.28958,-76.128568
"E3-53","17","13",45.02376,-79.31190301
"E3-54","10","76",43.69717,-76.19529499
"E3-55","14","20",44.29771,-78.300041
"E3-56","6","19",41.57154,-74.48428896
"E3-57","19","25",47.73136,-80.32791398
"E3-58","20","59",48.10384,-80.19977597
"E3-59","19","40",47.73136,-80.32791398
"E3-60","3","31",40.23327,-77.280415
"E3-61","22","45",46.75552,-79.04650404
"E3-62","9","35",42.79109,-76.135327
"E3-63","11","41",43.28958,-76.128568
"E3-64","12","29",44.54749,-76.12868903
"E3-65","3","34",40.23327,-77.280415
"E3-66","17","59",45.02376,-79.31190301
"E3-67","15","7",44.2915,-79.04909003
"E3-68","19","38",47.73136,-80.32791398
"E3-69","8","14",41.97527,-75.19598002
"E3-70","4","65",40.06813,-76.90717204
"E3-71","13","26",44.6076,-76.27898502
"E3-72","4","48",40.06813,-76.90717204
"E3-73","10","80",43.69717,-76.19529499
"E3-74","3","24",40.23327,-77.280415
"E3-75","22","46",46.75552,-79.04650404
"E3-76","22","64",46.75552,-79.04650404
"E3-77","17","76",45.02376,-79.31190301
"E3-78","1","71",38.8235,-77.71118397
"E3-79","1","25",38.8235,-77.71118397
"E3-80","4","26",40.06813,-76.90717204
"E3-81","9","36",42.79109,-76.135327
"E3-82","2","74",38.7966,-77.29988901
"E3-83","14","17",44.29771,-78.300041
"E3-84","18","80",45.76868,-79.39777502
"E3-85","14","21",44.29771,-78.300041
"E3-86","16","52",44.75284,-79.33799797
"E3-87","11","37",43.28958,-76.128568
"E3-88","18","69",45.76868,-79.39777502
"E3-89","1","2",38.8235,-77.71118397
"E3-90","18","19",45.76868,-79.39777502
"E3-91","14","30",44.29771,-78.300041
"E3-92","18","50",45.76868,-79.39777502
"E3-93","13","37",44.6076,-76.27898502
"E3-94","3","46",40.23327,-77.280415
"E3-95","8","43",41.97527,-75.19598002
"E3-96","10","2",43.69717,-76.19529499
"E3-97","15","23",44.2915,-79.04909003
"E3-98","8","75",41.97527,-75.19598002
"E3-99","18","30",45.76868,-79.39777502
"E3-100","22","24",46.75552,-79.04650404
"E3-101","13","53",44.6076,-76.27898502
"E3-103","10","30",43.69717,-76.19529499
"E3-104","6","55",41.57154,-74.48428896
"E3-105","4","14",40.06813,-76.90717204
"E3-106","16","28",44.75284,-79.33799797
"E3-107","19","70",47.73136,-80.32791398
"E3-108","20","23",48.10384,-80.19977597
"E3-109","8","32",41.97527,-75.19598002
"E3-110","15","56",44.2915,-79.04909003
"E3-111","10","54",43.69717,-76.19529499
"E3-112","22","6",46.75552,-79.04650404
"E3-113","2","21",38.7966,-77.29988901
"E3-114","2","74",38.7966,-77.29988901
"E3-115","5","37",41.42692,-75.63466896
"E3-116","5","28",41.42692,-75.63466896
"E3-117","22","57",46.75552,-79.04650404
"E3-118","1","47",38.8235,-77.71118397
"E3-119","16","9",44.75284,-79.33799797
"E3-120","22","32",46.75552,-79.04650404
"E3-121","1","59",38.8235,-77.71118397
"E3-122","9","49",42.79109,-76.135327
"E3-123","1","26",38.8235,-77.71118397
"E3-124","13","27",44.6076,-76.27898502
"E3-125","13","33",44.6076,-76.27898502
"E3-126","2","35",38.7966,-77.29988901
"E3-127","10","29",43.69717,-76.19529499
"E3-128","14","61",44.29771,-78.300041
"E3-129","2","19",38.7966,-77.29988901
"E3-130","9","54",42.79109,-76.135327
"E3-131","16","59",44.75284,-79.33799797
"E3-132","15","13",44.2915,-79.04909003
"E3-133","4","73",40.06813,-76.90717204
"E3-134","19","6",47.73136,-80.32791398
"E3-135","2","77",38.7966,-77.29988901
"E3-136","6","20",41.57154,-74.48428896
"E3-137","3","76",40.23327,-77.280415
"E3-138","20","41",48.10384,-80.19977597
"E3-139","20","9",48.10384,-80.19977597
"E3-140","6","44",41.57154,-74.48428896
"E3-141","10","7",43.69717,-76.19529499
"E3-142","2","25",38.7966,-77.29988901
"E3-143","16","13",44.75284,-79.33799797
"E3-144","2","46",38.7966,-77.29988901
"E3-145","4","66",40.06813,-76.90717204
"E3-146","14","72",44.29771,-78.300041
"E3-147","6","5",41.57154,-74.48428896
"E3-148","17","21",45.02376,-79.31190301
"E3-149","17","1",45.02376,-79.31190301
"E3-150","10","37",43.69717,-76.19529499
"E3-151","5","50",41.42692,-75.63466896
"E3-152","15","39",44.2915,-79.04909003
"E3-153","12","36",44.54749,-76.12868903
"E3-154","18","77",45.76868,-79.39777502
"E3-155","11","15",43.28958,-76.128568
"E3-156","8","13",41.97527,-75.19598002
"E3-157","17","30",45.02376,-79.31190301
"E3-158","15","22",44.2915,-79.04909003
"E3-159","17","74",45.02376,-79.31190301
"E3-160","16","38",44.75284,-79.33799797
"E3-161","11","26",43.28958,-76.128568
"E3-162","12","47",44.54749,-76.12868903
"E3-163","13","60",44.6076,-76.27898502
"E3-164","4","80",40.06813,-76.90717204
"E3-165","10","72",43.69717,-76.19529499
"E3-166","12","51",44.54749,-76.12868903
"E3-167","8","55",41.97527,-75.19598002
"E3-168","18","76",45.76868,-79.39777502
"E3-169","13","2",44.6076,-76.27898502
"E3-170","6","65",41.57154,-74.48428896
"E3-171","14","9",44.29771,-78.300041
"E3-172","3","45",40.23327,-77.280415
"E3-173","12","68",44.54749,-76.12868903
"E3-174","19","31",47.73136,-80.32791398
"E3-175","3","75",40.23327,-77.280415
"E3-176","12","3",44.54749,-76.12868903
"E3-177","18","3",45.76868,-79.39777502
"E3-178","20","37",48.10384,-80.19977597
"E3-179","15","72",44.2915,-79.04909003
"E3-180","11","58",43.28958,-76.128568
"E3-181","19","69",47.73136,-80.32791398
"E3-182","14","70",44.29771,-78.300041
"E3-183","6","36",41.57154,-74.48428896
"E3-184","11","66",43.28958,-76.128568
"E3-185","12","22",44.54749,-76.12868903
"E3-186","14","16",44.29771,-78.300041
"E3-187","9","33",42.79109,-76.135327
"E3-188","1","17",38.8235,-77.71118397
"E3-189","12","60",44.54749,-76.12868903
"E3-190","20","30",48.10384,-80.19977597
"E3-191","9","27",42.79109,-76.135327
"E3-192","12","75",44.54749,-76.12868903
"E3-193","11","63",43.28958,-76.128568
"E3-194","4","47",40.06813,-76.90717204
"E3-195","13","78",44.6076,-76.27898502
"E3-196","11","60",43.28958,-76.128568
"E3-197","9","72",42.79109,-76.135327
"E3-198","20","5",48.10384,-80.19977597
"E3-199","8","36",41.97527,-75.19598002
"E3-200","15","14",44.2915,-79.04909003
"E4-3","8","58",41.97527,-75.19598002
"E4-4","3","46",40.23327,-77.280415
"E4-5","1","64",38.8235,-77.71118397
"E4-6","1","47",38.8235,-77.71118397
"E4-7","14","16",44.29771,-78.300041
"E4-8","12","68",44.54749,-76.12868903
"E4-9","14","72",44.29771,-78.300041
"E4-10","18","30",45.76868,-79.39777502
"E4-11","4","65",40.06813,-76.90717204
"E4-12","8","63",41.97527,-75.19598002
"E4-13","4","14",40.06813,-76.90717204
"E4-14","18","3",45.76868,-79.39777502
"E4-15","1","26",38.8235,-77.71118397
"E4-16","12","75",44.54749,-76.12868903
"E4-17","4","64",40.06813,-76.90717204
"E4-18","14","17",44.29771,-78.300041
"E4-19","14","21",44.29771,-78.300041
"E4-20","6","36",41.57154,-74.48428896
"E4-21","17","1",45.02376,-79.31190301
"E4-22","11","46",43.28958,-76.128568
"E4-23","18","2",45.76868,-79.39777502
"E4-24","16","66",44.75284,-79.33799797
"E4-25","20","23",48.10384,-80.19977597
"E4-26","11","63",43.28958,-76.128568
"E4-27","15","72",44.2915,-79.04909003
"E4-28","4","46",40.06813,-76.90717204
"E4-29","19","26",47.73136,-80.32791398
"E4-30","10","2",43.69717,-76.19529499
"E4-31","19","38",47.73136,-80.32791398
"E4-32","10","37",43.69717,-76.19529499
"E4-33","10","30",43.69717,-76.19529499
"E4-34","1","25",38.8235,-77.71118397
"E4-35","11","58",43.28958,-76.128568
"E4-36","13","47",44.6076,-76.27898502
"E4-37","1","7",38.8235,-77.71118397
"E4-38","11","66",43.28958,-76.128568
"E4-39","5","14",41.42692,-75.63466896
"E4-40","9","72",42.79109,-76.135327
"E4-41","12","51",44.54749,-76.12868903
"E4-42","17","70",45.02376,-79.31190301
"E4-43","22","46",46.75552,-79.04650404
"E4-44","5","34",41.42692,-75.63466896
"E4-45","13","78",44.6076,-76.27898502
"E4-46","2","31",38.7966,-77.29988901
"E4-47","8","55",41.97527,-75.19598002
"E4-48","1","2",38.8235,-77.71118397
"E4-49","16","28",44.75284,-79.33799797
"E4-50","16","70",44.75284,-79.33799797
"E4-51","20","7",48.10384,-80.19977597
"E4-52","11","60",43.28958,-76.128568
"E4-53","15","74",44.2915,-79.04909003
"E4-54","22","48",46.75552,-79.04650404
"E4-55","16","9",44.75284,-79.33799797
"E4-56","18","76",45.76868,-79.39777502
"E4-57","19","69",47.73136,-80.32791398
"E4-58","9","49",42.79109,-76.135327
"E4-59","5","74",41.42692,-75.63466896
"E4-60","2","46",38.7966,-77.29988901
"E4-61","18","22",45.76868,-79.39777502
"E4-62","12","6",44.54749,-76.12868903
"E4-63","11","15",43.28958,-76.128568
"E4-64","2","35",38.7966,-77.29988901
"E4-65","6","20",41.57154,-74.48428896
"E4-66","15","42",44.2915,-79.04909003
"E4-67","1","71",38.8235,-77.71118397
"E4-68","14","30",44.29771,-78.300041
"E4-69","15","13",44.2915,-79.04909003
"E4-70","17","30",45.02376,-79.31190301
"E4-71","4","73",40.06813,-76.90717204
"E4-72","22","32",46.75552,-79.04650404
"E4-73","3","31",40.23327,-77.280415
"E4-74","3","45",40.23327,-77.280415
"E4-75","14","39",44.29771,-78.300041
"E4-76","2","25",38.7966,-77.29988901
"E4-77","12","52",44.54749,-76.12868903
"E4-78","3","75",40.23327,-77.280415
"E4-79","15","23",44.2915,-79.04909003
"E4-80","9","27",42.79109,-76.135327
"E4-81","2","7",38.7966,-77.29988901
"E4-82","18","80",45.76868,-79.39777502
"E4-83","10","54",43.69717,-76.19529499
"E4-84","15","22",44.2915,-79.04909003
"E4-86","10","7",43.69717,-76.19529499
"E4-87","16","5",44.75284,-79.33799797
"E4-88","16","13",44.75284,-79.33799797
"E4-89","10","62",43.69717,-76.19529499
"E4-90","8","32",41.97527,-75.19598002
"E4-91","14","61",44.29771,-78.300041
"E4-92","9","54",42.79109,-76.135327
"E4-93","6","65",41.57154,-74.48428896
"E4-94","18","50",45.76868,-79.39777502
"E4-95","12","29",44.54749,-76.12868903
"E4-96","5","34",41.42692,-75.63466896
"E4-97","22","11",46.75552,-79.04650404
"E4-98","19","40",47.73136,-80.32791398
"E4-99","20","41",48.10384,-80.19977597
"E4-100","6","5",41.57154,-74.48428896
"E4-101","5","50",41.42692,-75.63466896
"E4-102","13","37",44.6076,-76.27898502
"E4-103","6","19",41.57154,-74.48428896
"E4-104","11","26",43.28958,-76.128568
"E4-105","20","5",48.10384,-80.19977597
"E4-106","16","38",44.75284,-79.33799797
"E4-107","6","44",41.57154,-74.48428896
"E4-108","14","20",44.29771,-78.300041
"E4-109","17","65",45.02376,-79.31190301
"E4-110","20","73",48.10384,-80.19977597
"E4-111","16","52",44.75284,-79.33799797
"E4-112","3","24",40.23327,-77.280415
"E4-201","22","64",46.75552,-79.04650404
"E4-113","22","57",46.75552,-79.04650404
"E4-114","18","69",45.76868,-79.39777502
"E4-115","11","68",43.28958,-76.128568
"E4-116","9","33",42.79109,-76.135327
"E4-117","12","47",44.54749,-76.12868903
"E4-118","20","37",48.10384,-80.19977597
"E4-119","17","13",45.02376,-79.31190301
"E4-120","3","76",40.23327,-77.280415
"E4-121","1","20",38.8235,-77.71118397
"E4-122","3","53",40.23327,-77.280415
"E4-123","19","70",47.73136,-80.32791398
"E4-124","12","22",44.54749,-76.12868903
"E4-125","18","61",45.76868,-79.39777502
"E4-126","5","28",41.42692,-75.63466896
"E4-127","15","56",44.2915,-79.04909003
"E4-128","22","15",46.75552,-79.04650404
"E4-129","20","43",48.10384,-80.19977597
"E4-130","4","66",40.06813,-76.90717204
"E4-131","10","72",43.69717,-76.19529499
"E4-132","13","60",44.6076,-76.27898502
"E4-133","19","59",47.73136,-80.32791398
"E4-134","22","6",46.75552,-79.04650404
"E4-135","3","34",40.23327,-77.280415
"E4-136","8","13",41.97527,-75.19598002
"E4-137","2","74",38.7966,-77.29988901
"E4-138","17","76",45.02376,-79.31190301
"E4-139","20","9",48.10384,-80.19977597
"E4-140","22","73",46.75552,-79.04650404
"E4-141","17","74",45.02376,-79.31190301
"E4-142","10","8",43.69717,-76.19529499
"E4-143","17","59",45.02376,-79.31190301
"E4-144","6","21",41.57154,-74.48428896
"E4-145","19","53",47.73136,-80.32791398
"E4-146","12","60",44.54749,-76.12868903
"E4-147","2","12",38.7966,-77.29988901
"E4-148","8","59",41.97527,-75.19598002
"E4-149","8","36",41.97527,-75.19598002
"E4-150","16","79",44.75284,-79.33799797
"E4-151","12","3",44.54749,-76.12868903
"E4-152","10","29",43.69717,-76.19529499
"E4-153","20","30",48.10384,-80.19977597
"E4-154","13","2",44.6076,-76.27898502
"E4-155","13","26",44.6076,-76.27898502
"E4-156","19","31",47.73136,-80.32791398
"E4-157","11","37",43.28958,-76.128568
"E4-158","15","14",44.2915,-79.04909003
"E4-159","19","25",47.73136,-80.32791398
"E4-160","12","36",44.54749,-76.12868903
"E4-161","16","59",44.75284,-79.33799797
"E4-162","15","39",44.2915,-79.04909003
"E4-163","8","75",41.97527,-75.19598002
"E4-164","22","45",46.75552,-79.04650404
"E4-165","8","14",41.97527,-75.19598002
"E4-166","13","61",44.6076,-76.27898502
"E4-167","20","59",48.10384,-80.19977597
"E4-168","2","77",38.7966,-77.29988901
"E4-169","13","45",44.6076,-76.27898502
"E4-170","13","27",44.6076,-76.27898502
"E4-171","13","33",44.6076,-76.27898502
"E4-172","18","19",45.76868,-79.39777502
"E4-173","15","7",44.2915,-79.04909003
"E4-174","11","30",43.28958,-76.128568
"E4-175","4","80",40.06813,-76.90717204
"E4-176","20","50",48.10384,-80.19977597
"E4-177","6","56",41.57154,-74.48428896
"E4-178","18","77",45.76868,-79.39777502
"E4-179","2","19",38.7966,-77.29988901
"E4-181","22","24",46.75552,-79.04650404
"E4-182","5","37",41.42692,-75.63466896
"E4-183","4","47",40.06813,-76.90717204
"E4-184","1","17",38.8235,-77.71118397
"E4-185","11","41",43.28958,-76.128568
"E4-186","9","36",42.79109,-76.135327
"E4-187","10","80",43.69717,-76.19529499
"E4-188","1","12",38.8235,-77.71118397
"E4-189","8","43",41.97527,-75.19598002
"E4-190","4","26",40.06813,-76.90717204
"E4-191","1","59",38.8235,-77.71118397
"E4-192","8","12",41.97527,-75.19598002
"E4-193","13","53",44.6076,-76.27898502
"E4-194","4","48",40.06813,-76.90717204
"E4-195","6","55",41.57154,-74.48428896
"E4-196","14","79",44.29771,-78.300041
"E4-197","2","21",38.7966,-77.29988901
"E4-198","14","9",44.29771,-78.300041
"E4-199","20","47",48.10384,-80.19977597
"E4-200","17","48",45.02376,-79.31190301
"E5-1","16","52",44.75284,-79.33799797
"E5-2","10","30",43.69717,-76.19529499
"E5-3","15","14",44.2915,-79.04909003
"E5-4","15","23",44.2915,-79.04909003
"E5-5","13","53",44.6076,-76.27898502
"E5-6","20","43",48.10384,-80.19977597
"E5-7","18","76",45.76868,-79.39777502
"E5-8","3","34",40.23327,-77.280415
"E5-9","13","78",44.6076,-76.27898502
"E5-10","5","50",41.42692,-75.63466896
"E5-11","22","73",46.75552,-79.04650404
"E5-12","13","60",44.6076,-76.27898502
"E5-13","10","62",43.69717,-76.19529499
"E5-14","20","47",48.10384,-80.19977597
"E5-15","22","24",46.75552,-79.04650404
"E5-16","2","31",38.7966,-77.29988901
"E5-17","8","75",41.97527,-75.19598002
"E5-18","3","46",40.23327,-77.280415
"E5-19","14","21",44.29771,-78.300041
"E5-20","8","13",41.97527,-75.19598002
"E5-21","11","60",43.28958,-76.128568
"E5-22","19","26",47.73136,-80.32791398
"E5-23","11","41",43.28958,-76.128568
"E5-24","12","68",44.54749,-76.12868903
"E5-25","3","24",40.23327,-77.280415
"E5-26","19","25",47.73136,-80.32791398
"E5-27","14","17",44.29771,-78.300041
"E5-28","4","14",40.06813,-76.90717204
"E5-29","20","37",48.10384,-80.19977597
"E5-30","10","80",43.69717,-76.19529499
"E5-31","12","29",44.54749,-76.12868903
"E5-32","19","59",47.73136,-80.32791398
"E5-33","17","65",45.02376,-79.31190301
"E5-34","13","61",44.6076,-76.27898502
"E5-35","13","2",44.6076,-76.27898502
"E5-36","1","26",38.8235,-77.71118397
"E5-37","3","76",40.23327,-77.280415
"E5-38","9","54",42.79109,-76.135327
"E5-39","1","20",38.8235,-77.71118397
"E5-40","6","44",41.57154,-74.48428896
"E5-41","12","51",44.54749,-76.12868903
"E5-42","4","64",40.06813,-76.90717204
"E5-43","6","55",41.57154,-74.48428896
"E5-44","20","41",48.10384,-80.19977597
"E5-45","11","63",43.28958,-76.128568
"E5-46","22","64",46.75552,-79.04650404
"E5-47","8","14",41.97527,-75.19598002
"E5-48","13","47",44.6076,-76.27898502
"E5-49","4","47",40.06813,-76.90717204
"E5-50","18","69",45.76868,-79.39777502
"E5-51","4","46",40.06813,-76.90717204
"E5-52","4","65",40.06813,-76.90717204
"E5-54","17","21",45.02376,-79.31190301
"E5-55","15","72",44.2915,-79.04909003
"E5-56","13","26",44.6076,-76.27898502
"E5-57","2","77",38.7966,-77.29988901
"E5-58","9","27",42.79109,-76.135327
"E5-59","4","73",40.06813,-76.90717204
"E5-60","17","48",45.02376,-79.31190301
"E5-61","13","37",44.6076,-76.27898502
"E5-62","14","79",44.29771,-78.300041
"E5-63","9","72",42.79109,-76.135327
"E5-64","17","74",45.02376,-79.31190301
"E5-65","3","31",40.23327,-77.280415
"E5-66","1","47",38.8235,-77.71118397
"E5-67","18","77",45.76868,-79.39777502
"E5-68","22","6",46.75552,-79.04650404
"E5-69","6","21",41.57154,-74.48428896
"E5-70","6","36",41.57154,-74.48428896
"E5-71","2","21",38.7966,-77.29988901
"E5-72","2","74",38.7966,-77.29988901
"E5-73","17","30",45.02376,-79.31190301
"E5-74","13","33",44.6076,-76.27898502
"E5-75","13","27",44.6076,-76.27898502
"E5-76","18","50",45.76868,-79.39777502
"E5-77","14","72",44.29771,-78.300041
"E5-79","8","58",41.97527,-75.19598002
"E5-80","8","32",41.97527,-75.19598002
"E5-81","18","61",45.76868,-79.39777502
"E5-82","2","46",38.7966,-77.29988901
"E5-83","8","12",41.97527,-75.19598002
"E5-85","16","28",44.75284,-79.33799797
"E5-86","12","6",44.54749,-76.12868903
"E5-87","20","59",48.10384,-80.19977597
"E5-88","1","12",38.8235,-77.71118397
"E5-89","2","25",38.7966,-77.29988901
"E5-90","18","3",45.76868,-79.39777502
"E5-91","2","7",38.7966,-77.29988901
"E5-92","15","22",44.2915,-79.04909003
"E5-93","20","50",48.10384,-80.19977597
"E5-94","16","38",44.75284,-79.33799797
"E5-95","11","26",43.28958,-76.128568
"E5-96","14","30",44.29771,-78.300041
"E5-97","18","30",45.76868,-79.39777502
"E5-98","6","20",41.57154,-74.48428896
"E5-99","20","73",48.10384,-80.19977597
"E5-100","5","37",41.42692,-75.63466896
"E5-101","10","29",43.69717,-76.19529499
"E5-102","1","71",38.8235,-77.71118397
"E5-103","12","47",44.54749,-76.12868903
"E5-104","22","15",46.75552,-79.04650404
"E5-105","2","12",38.7966,-77.29988901
"E5-106","10","76",43.69717,-76.19529499
"E5-107","12","60",44.54749,-76.12868903
"E5-109","6","65",41.57154,-74.48428896
"E5-110","11","46",43.28958,-76.128568
"E5-111","10","76",43.69717,-76.19529499
"E5-112","9","33",42.79109,-76.135327
"E5-113","10","2",43.69717,-76.19529499
"E5-114","12","52",44.54749,-76.12868903
"E5-115","3","53",40.23327,-77.280415
"E5-116","11","66",43.28958,-76.128568
"E5-117","16","5",44.75284,-79.33799797
"E5-118","20","7",48.10384,-80.19977597
"E5-119","11","15",43.28958,-76.128568
"E5-120","12","3",44.54749,-76.12868903
"E5-121","16","70",44.75284,-79.33799797
"E5-122","3","45",40.23327,-77.280415
"E5-123","20","5",48.10384,-80.19977597
"E5-124","22","48",46.75552,-79.04650404
"E5-125","17","1",45.02376,-79.31190301
"E5-126","12","75",44.54749,-76.12868903
"E5-127","20","9",48.10384,-80.19977597
"E5-128","2","35",38.7966,-77.29988901
"E5-129","19","70",47.73136,-80.32791398
"E5-130","19","38",47.73136,-80.32791398
"E5-131","16","66",44.75284,-79.33799797
"E5-132","19","31",47.73136,-80.32791398
"E5-134","12","36",44.54749,-76.12868903
"E5-135","14","9",44.29771,-78.300041
"E5-136","22","11",46.75552,-79.04650404
"E5-137","13","45",44.6076,-76.27898502
"E5-138","14","16",44.29771,-78.300041
"E5-139","15","74",44.2915,-79.04909003
"E5-140","1","64",38.8235,-77.71118397
"E5-141","1","59",38.8235,-77.71118397
"E5-142","4","26",40.06813,-76.90717204
"E5-143","1","2",38.8235,-77.71118397
"E5-144","22","57",46.75552,-79.04650404
"E5-145","15","7",44.2915,-79.04909003
"E5-146","11","68",43.28958,-76.128568
"E5-147","10","8",43.69717,-76.19529499
"E5-148","14","61",44.29771,-78.300041
"E5-149","8","63",41.97527,-75.19598002
"E5-150","1","7",38.8235,-77.71118397
"E5-151","18","19",45.76868,-79.39777502
"E5-152","18","22",45.76868,-79.39777502
"E5-153","4","80",40.06813,-76.90717204
"E5-154","6","19",41.57154,-74.48428896
"E5-155","17","76",45.02376,-79.31190301
"E5-156","17","59",45.02376,-79.31190301
"E5-157","9","49",42.79109,-76.135327
"E5-158","16","59",44.75284,-79.33799797
"E5-159","5","28",41.42692,-75.63466896
"E5-160","10","54",43.69717,-76.19529499
"E5-161","14","70",44.29771,-78.300041
"E5-162","22","46",46.75552,-79.04650404
"E5-163","6","56",41.57154,-74.48428896
"E5-164","11","58",43.28958,-76.128568
"E5-165","16","79",44.75284,-79.33799797
"E5-166","18","2",45.76868,-79.39777502
"E5-167","19","6",47.73136,-80.32791398
"E5-168","22","32",46.75552,-79.04650404
"E5-169","11","30",43.28958,-76.128568
"E5-170","10","37",43.69717,-76.19529499
"E5-171","1","25",38.8235,-77.71118397
"E5-172","15","13",44.2915,-79.04909003
"E5-173","12","22",44.54749,-76.12868903
"E5-174","15","42",44.2915,-79.04909003
"E5-175","19","69",47.73136,-80.32791398
"E5-176","19","53",47.73136,-80.32791398
"E5-177","20","30",48.10384,-80.19977597
"E5-178","8","59",41.97527,-75.19598002
"E5-179","22","45",46.75552,-79.04650404
"E5-180","3","75",40.23327,-77.280415
"E5-181","15","39",44.2915,-79.04909003
"E5-182","4","66",40.06813,-76.90717204
"E5-183","10","7",43.69717,-76.19529499
"E5-184","17","70",45.02376,-79.31190301
"E5-185","17","21",45.02376,-79.31190301
"E5-186","14","39",44.29771,-78.300041
"E5-187","15","56",44.2915,-79.04909003
"E5-188","18","80",45.76868,-79.39777502
"E5-189","11","37",43.28958,-76.128568
"E5-190","1","17",38.8235,-77.71118397
"E5-191","16","9",44.75284,-79.33799797
"E5-192","6","5",41.57154,-74.48428896
"E5-193","17","13",45.02376,-79.31190301
"E5-194","8","43",41.97527,-75.19598002
"E5-195","8","36",41.97527,-75.19598002
"E5-196","8","55",41.97527,-75.19598002
"E5-197","9","36",42.79109,-76.135327
"E5-198","5","14",41.42692,-75.63466896
"E5-199","19","40",47.73136,-80.32791398
"E5-200","2","19",38.7966,-77.29988901
"E6-1","10","76",43.69717,-76.19529499
"E6-2","2","74",38.7966,-77.29988901
"E6-3","19","38",47.73136,-80.32791398
"E6-4","10","62",43.69717,-76.19529499
"E6-5","2","31",38.7966,-77.29988901
"E6-6","15","23",44.2915,-79.04909003
"E6-7","9","49",42.79109,-76.135327
"E6-8","18","61",45.76868,-79.39777502
"E6-9","16","5",44.75284,-79.33799797
"E6-10","17","70",45.02376,-79.31190301
"E6-11","3","45",40.23327,-77.280415
"E6-12","17","65",45.02376,-79.31190301
"E6-13","14","61",44.29771,-78.300041
"E6-14","12","47",44.54749,-76.12868903
"E6-15","18","76",45.76868,-79.39777502
"E6-16","20","41",48.10384,-80.19977597
"E6-17","14","72",44.29771,-78.300041
"E6-18","22","32",46.75552,-79.04650404
"E6-19","3","46",40.23327,-77.280415
"E6-20","13","26",44.6076,-76.27898502
"E6-21","12","52",44.54749,-76.12868903
"E6-22","15","74",44.2915,-79.04909003
"E6-23","22","15",46.75552,-79.04650404
"E6-24","20","23",48.10384,-80.19977597
"E6-25","5","37",41.42692,-75.63466896
"E6-26","18","69",45.76868,-79.39777502
"E6-27","17","48",45.02376,-79.31190301
"E6-28","4","64",40.06813,-76.90717204
"E6-29","12","3",44.54749,-76.12868903
"E6-30","2","7",38.7966,-77.29988901
"E6-31","13","47",44.6076,-76.27898502
"E6-32","17","59",45.02376,-79.31190301
"E6-33","16","9",44.75284,-79.33799797
"E6-34","1","17",38.8235,-77.71118397
"E6-35","10","7",43.69717,-76.19529499
"E6-36","11","60",43.28958,-76.128568
"E6-37","22","73",46.75552,-79.04650404
"E6-38","10","29",43.69717,-76.19529499
"E6-39","11","15",43.28958,-76.128568
"E6-40","20","47",48.10384,-80.19977597
"E6-41","1","26",38.8235,-77.71118397
"E6-42","2","35",38.7966,-77.29988901
"E6-43","6","56",41.57154,-74.48428896
"E6-44","14","79",44.29771,-78.300041
"E6-45","5","50",41.42692,-75.63466896
"E6-46","16","38",44.75284,-79.33799797
"E6-47","13","45",44.6076,-76.27898502
"E6-48","14","9",44.29771,-78.300041
"E6-49","11","63",43.28958,-76.128568
"E6-50","4","48",40.06813,-76.90717204
"E6-51","11","30",43.28958,-76.128568
"E6-52","8","32",41.97527,-75.19598002
"E6-53","12","36",44.54749,-76.12868903
"E6-54","20","37",48.10384,-80.19977597
"E6-55","20","59",48.10384,-80.19977597
"E6-56","11","58",43.28958,-76.128568
"E6-57","17","30",45.02376,-79.31190301
"E6-58","11","46",43.28958,-76.128568
"E6-59","1","12",38.8235,-77.71118397
"E6-60","11","41",43.28958,-76.128568
"E6-61","14","70",44.29771,-78.300041
"E6-62","22","45",46.75552,-79.04650404
"E6-63","1","59",38.8235,-77.71118397
"E6-64","3","34",40.23327,-77.280415
"E6-65","2","25",38.7966,-77.29988901
"E6-66","17","76",45.02376,-79.31190301
"E6-67","11","26",43.28958,-76.128568
"E6-68","16","13",44.75284,-79.33799797
"E6-69","20","50",48.10384,-80.19977597
"E6-70","15","39",44.2915,-79.04909003
"E6-71","12","29",44.54749,-76.12868903
"E6-72","9","35",42.79109,-76.135327
"E6-73","10","37",43.69717,-76.19529499
"E6-74","1","64",38.8235,-77.71118397
"E6-75","6","36",41.57154,-74.48428896
"E6-76","14","17",44.29771,-78.300041
"E6-77","8","12",41.97527,-75.19598002
"E6-78","14","21",44.29771,-78.300041
"E6-79","4","80",40.06813,-76.90717204
"E6-80","18","2",45.76868,-79.39777502
"E6-81","18","22",45.76868,-79.39777502
"E6-82","20","73",48.10384,-80.19977597
"E6-83","4","26",40.06813,-76.90717204
"E6-84","5","28",41.42692,-75.63466896
"E6-85","18","19",45.76868,-79.39777502
"E6-86","11","66",43.28958,-76.128568
"E6-87","22","6",46.75552,-79.04650404
"E6-88","20","30",48.10384,-80.19977597
"E6-89","10","54",43.69717,-76.19529499
"E6-90","3","75",40.23327,-77.280415
"E6-91","10","2",43.69717,-76.19529499
"E6-92","8","63",41.97527,-75.19598002
"E6-93","15","56",44.2915,-79.04909003
"E6-94","19","31",47.73136,-80.32791398
"E6-95","4","14",40.06813,-76.90717204
"E6-96","22","24",46.75552,-79.04650404
"E6-97","12","51",44.54749,-76.12868903
"E6-98","1","7",38.8235,-77.71118397
"E6-99","3","76",40.23327,-77.280415
"E6-100","2","19",38.7966,-77.29988901
"E6-101","17","1",45.02376,-79.31190301
"E6-102","15","13",44.2915,-79.04909003
"E6-103","5","14",41.42692,-75.63466896
"E6-104","8","36",41.97527,-75.19598002
"E6-105","16","70",44.75284,-79.33799797
"E6-106","6","5",41.57154,-74.48428896
"E6-107","19","70",47.73136,-80.32791398
"E6-108","16","79",44.75284,-79.33799797
"E6-109","12","75",44.54749,-76.12868903
"E6-110","14","30",44.29771,-78.300041
"E6-111","22","11",46.75552,-79.04650404
"E6-112","3","31",40.23327,-77.280415
"E6-113","22","64",46.75552,-79.04650404
"E6-114","8","75",41.97527,-75.19598002
"E6-115","13","53",44.6076,-76.27898502
"E6-116","14","39",44.29771,-78.300041
"E6-117","19","59",47.73136,-80.32791398
"E6-118","18","80",45.76868,-79.39777502
"E6-119","10","8",43.69717,-76.19529499
"E6-120","6","44",41.57154,-74.48428896
"E6-121","4","73",40.06813,-76.90717204
"E6-122","15","42",44.2915,-79.04909003
"E6-123","4","48",40.06813,-76.90717204
"E6-124","18","50",45.76868,-79.39777502
"E6-125","12","60",44.54749,-76.12868903
"E6-126","15","7",44.2915,-79.04909003
"E6-127","19","6",47.73136,-80.32791398
"E6-128","6","55",41.57154,-74.48428896
"E6-129","13","78",44.6076,-76.27898502
"E6-130","2","21",38.7966,-77.29988901
"E6-131","10","80",43.69717,-76.19529499
"E6-132","2","12",38.7966,-77.29988901
"E6-133","8","14",41.97527,-75.19598002
"E6-135","8","55",41.97527,-75.19598002
"E6-136","1","2",38.8235,-77.71118397
"E6-137","19","40",47.73136,-80.32791398
"E6-138","13","2",44.6076,-76.27898502
"E6-140","16","59",44.75284,-79.33799797
"E6-141","13","61",44.6076,-76.27898502
"E6-142","12","6",44.54749,-76.12868903
"E6-143","6","19",41.57154,-74.48428896
"E6-144","22","46",46.75552,-79.04650404
"E6-145","20","43",48.10384,-80.19977597
"E6-146","19","26",47.73136,-80.32791398
"E6-147","17","21",45.02376,-79.31190301
"E6-148","8","43",41.97527,-75.19598002
"E6-149","16","28",44.75284,-79.33799797
"E6-150","18","30",45.76868,-79.39777502
"E6-151","12","22",44.54749,-76.12868903
"E6-152","12","68",44.54749,-76.12868903
"E6-153","14","16",44.29771,-78.300041
"E6-154","19","53",47.73136,-80.32791398
"E6-155","4","46",40.06813,-76.90717204
"E6-156","17","74",45.02376,-79.31190301
"E6-157","20","9",48.10384,-80.19977597
"E6-158","19","69",47.73136,-80.32791398
"E6-159","2","77",38.7966,-77.29988901
"E6-160","3","53",40.23327,-77.280415
"E6-161","13","27",44.6076,-76.27898502
"E6-162","1","20",38.8235,-77.71118397
"E6-163","13","60",44.6076,-76.27898502
"E6-164","4","47",40.06813,-76.90717204
"E6-165","11","37",43.28958,-76.128568
"E6-166","1","47",38.8235,-77.71118397
"E6-167","18","77",45.76868,-79.39777502
"E6-168","15","22",44.2915,-79.04909003
"E6-169","2","46",38.7966,-77.29988901
"E6-170","9","72",42.79109,-76.135327
"E6-171","1","71",38.8235,-77.71118397
"E6-172","10","72",43.69717,-76.19529499
"E6-173","11","68",43.28958,-76.128568
"E6-174","1","25",38.8235,-77.71118397
"E6-175","20","23",48.10384,-80.19977597
"E6-176","22","57",46.75552,-79.04650404
"E6-177","6","65",41.57154,-74.48428896
"E6-178","8","59",41.97527,-75.19598002
"E6-179","16","66",44.75284,-79.33799797
"E6-180","22","48",46.75552,-79.04650404
"E6-181","13","37",44.6076,-76.27898502
"E6-182","8","58",41.97527,-75.19598002
"E6-183","17","13",45.02376,-79.31190301
"E6-184","3","24",40.23327,-77.280415
"E6-185","19","25",47.73136,-80.32791398
"E6-186","4","65",40.06813,-76.90717204
"E6-187","16","52",44.75284,-79.33799797
"E6-188","20","7",48.10384,-80.19977597
"E6-189","15","72",44.2915,-79.04909003
"E6-190","8","13",41.97527,-75.19598002
"E6-191","15","14",44.2915,-79.04909003
"E6-192","4","66",40.06813,-76.90717204
"E6-193","9","33",42.79109,-76.135327
"E6-194","6","20",41.57154,-74.48428896
"E6-195","10","30",43.69717,-76.19529499
"E6-196","18","3",45.76868,-79.39777502
"E6-197","20","5",48.10384,-80.19977597
"E6-198","9","54",42.79109,-76.135327
"E6-199","13","33",44.6076,-76.27898502
"E6-200","6","21",41.57154,-74.48428896
"E7-1","8","60",41.97527,-75.19598002
"E7-2","16","9",44.75284,-79.33799797
"E7-3","1","25",38.8235,-77.71118397
"E7-4","8","63",41.97527,-75.19598002
"E7-5","15","56",44.2915,-79.04909003
"E7-6","20","23",48.10384,-80.19977597
"E7-7","17","70",45.02376,-79.31190301
"E7-8","1","17",38.8235,-77.71118397
"E7-9","4","73",40.06813,-76.90717204
"E7-10","12","36",44.54749,-76.12868903
"E7-11","5","37",41.42692,-75.63466896
"E7-12","14","21",44.29771,-78.300041
"E7-13","20","59",48.10384,-80.19977597
"E7-14","16","60",44.75284,-79.33799797
"E7-15","22","32",46.75552,-79.04650404
"E7-16","17","21",45.02376,-79.31190301
"E7-17","16","66",44.75284,-79.33799797
"E7-18","10","76",43.69717,-76.19529499
"E7-19","4","48",40.06813,-76.90717204
"E7-20","6","41",41.57154,-74.48428896
"E7-21","16","70",44.75284,-79.33799797
"E7-22","22","11",46.75552,-79.04650404
"E7-23","17","59",45.02376,-79.31190301
"E7-24","13","45",44.6076,-76.27898502
"E7-25","2","25",38.7966,-77.29988901
"E7-26","8","36",41.97527,-75.19598002
"E7-27","11","68",43.28958,-76.128568
"E7-28","20","30",48.10384,-80.19977597
"E7-29","18","2",45.76868,-79.39777502
"E7-30","5","50",41.42692,-75.63466896
"E7-31","14","61",44.29771,-78.300041
"E7-32","22","60",46.75552,-79.04650404
"E7-33","4","65",40.06813,-76.90717204
"E7-34","9","27",42.79109,-76.135327
"E7-35","22","24",46.75552,-79.04650404
"E7-36","2","77",38.7966,-77.29988901
"E7-37","16","52",44.75284,-79.33799797
"E7-38","20","73",48.10384,-80.19977597
"E7-39","9","33",42.79109,-76.135327
"E7-40","3","24",40.23327,-77.280415
"E7-41","14","17",44.29771,-78.300041
"E7-42","12","6",44.54749,-76.12868903
"E7-43","14","20",44.29771,-78.300041
"E7-44","5","33",41.42692,-75.63466896
"E7-45","11","9",43.28958,-76.128568
"E7-46","1","2",38.8235,-77.71118397
"E7-47","19","75",47.73136,-80.32791398
"E7-48","5","28",41.42692,-75.63466896
"E7-49","20","7",48.10384,-80.19977597
"E7-50","15","42",44.2915,-79.04909003
"E7-51","10","37",43.69717,-76.19529499
"E7-52","11","26",43.28958,-76.128568
"E7-53","16","48",44.75284,-79.33799797
"E7-54","4","66",40.06813,-76.90717204
"E7-55","18","71",45.76868,-79.39777502
"E7-56","19","70",47.73136,-80.32791398
"E7-57","14","9",44.29771,-78.300041
"E7-58","5","74",41.42692,-75.63466896
"E7-59","6","65",41.57154,-74.48428896
"E7-60","11","41",43.28958,-76.128568
"E7-61","15","39",44.2915,-79.04909003
"E7-62","4","80",40.06813,-76.90717204
"E7-63","17","76",45.02376,-79.31190301
"E7-64","4","26",40.06813,-76.90717204
"E7-65","12","60",44.54749,-76.12868903
"E7-66","13","53",44.6076,-76.27898502
"E7-67","8","43",41.97527,-75.19598002
"E7-68","12","22",44.54749,-76.12868903
"E7-69","8","59",41.97527,-75.19598002
"E7-70","12","75",44.54749,-76.12868903
"E7-71","8","12",41.97527,-75.19598002
"E7-72","10","7",43.69717,-76.19529499
"E7-73","12","69",44.54749,-76.12868903
"E7-74","11","30",43.28958,-76.128568
"E7-75","20","50",48.10384,-80.19977597
"E7-76","11","63",43.28958,-76.128568
"E7-77","19","25",47.73136,-80.32791398
"E7-78","14","72",44.29771,-78.300041
"E7-79","3","76",40.23327,-77.280415
"E7-80","3","34",40.23327,-77.280415
"E7-81","14","79",44.29771,-78.300041
"E7-82","1","7",38.8235,-77.71118397
"E7-83","12","68",44.54749,-76.12868903
"E7-84","20","41",48.10384,-80.19977597
"E7-85","10","2",43.69717,-76.19529499
"E7-86","22","48",46.75552,-79.04650404
"E7-87","13","2",44.6076,-76.27898502
"E7-88","2","7",38.7966,-77.29988901
"E7-89","15","23",44.2915,-79.04909003
"E7-90","13","26",44.6076,-76.27898502
"E7-91","2","35",38.7966,-77.29988901
"E7-92","19","60",47.73136,-80.32791398
"E7-93","9","35",42.79109,-76.135327
"E7-94","1","71",38.8235,-77.71118397
"E7-95","6","44",41.57154,-74.48428896
"E7-96","15","14",44.2915,-79.04909003
"E7-97","2","12",38.7966,-77.29988901
"E7-98","18","76",45.76868,-79.39777502
"E7-99","6","20",41.57154,-74.48428896
"E7-100","11","66",43.28958,-76.128568
"E7-101","16","5",44.75284,-79.33799797
"E7-102","9","36",42.79109,-76.135327
"E7-103","16","59",44.75284,-79.33799797
"E7-104","8","55",41.97527,-75.19598002
"E7-105","10","29",43.69717,-76.19529499
"E7-106","2","19",38.7966,-77.29988901
"E7-107","16","38",44.75284,-79.33799797
"E7-108","20","47",48.10384,-80.19977597
"E7-109","11","37",43.28958,-76.128568
"E7-110","20","43",48.10384,-80.19977597
"E7-111","12","3",44.54749,-76.12868903
"E7-112","13","37",44.6076,-76.27898502
"E7-113","11","58",43.28958,-76.128568
"E7-114","6","19",41.57154,-74.48428896
"E7-115","22","64",46.75552,-79.04650404
"E7-116","3","75",40.23327,-77.280415
"E7-117","13","78",44.6076,-76.27898502
"E7-118","4","14",40.06813,-76.90717204
"E7-119","15","7",44.2915,-79.04909003
"E7-120","18","19",45.76868,-79.39777502
"E7-121","2","46",38.7966,-77.29988901
"E7-122","22","57",46.75552,-79.04650404
"E7-123","19","31",47.73136,-80.32791398
"E7-124","19","53",47.73136,-80.32791398
"E7-125","12","29",44.54749,-76.12868903
"E7-126","17","30",45.02376,-79.31190301
"E7-127","22","73",46.75552,-79.04650404
"E7-128","1","47",38.8235,-77.71118397
"E7-129","19","69",47.73136,-80.32791398
"E7-130","9","49",42.79109,-76.135327
"E7-131","12","51",44.54749,-76.12868903
"E7-132","8","13",41.97527,-75.19598002
"E7-133","17","13",45.02376,-79.31190301
"E7-134","22","45",46.75552,-79.04650404
"E7-135","2","74",38.7966,-77.29988901
"E7-136","18","80",45.76868,-79.39777502
"E7-137","18","61",45.76868,-79.39777502
"E7-138","22","15",46.75552,-79.04650404
"E7-139","10","62",43.69717,-76.19529499
"E7-140","18","69",45.76868,-79.39777502
"E7-141","14","16",44.29771,-78.300041
"E7-142","18","50",45.76868,-79.39777502
"E7-143","14","11",44.29771,-78.300041
"E7-144","22","6",46.75552,-79.04650404
"E7-145","16","13",44.75284,-79.33799797
"E7-146","11","15",43.28958,-76.128568
"E7-147","8","32",41.97527,-75.19598002
"E7-148","10","54",43.69717,-76.19529499
"E7-149","17","1",45.02376,-79.31190301
"E7-150","18","77",45.76868,-79.39777502
"E7-151","20","5",48.10384,-80.19977597
"E7-152","1","26",38.8235,-77.71118397
"E7-153","4","64",40.06813,-76.90717204
"E7-154","10","35",43.69717,-76.19529499
"E7-155","15","13",44.2915,-79.04909003
"E7-156","13","21",44.6076,-76.27898502
"E7-157","13","27",44.6076,-76.27898502
"E7-158","17","48",45.02376,-79.31190301
"E7-159","10","30",43.69717,-76.19529499
"E7-160","18","30",45.76868,-79.39777502
"E7-161","1","59",38.8235,-77.71118397
"E7-162","22","46",46.75552,-79.04650404
"E7-163","1","12",38.8235,-77.71118397
"E7-164","12","47",44.54749,-76.12868903
"E7-165","19","59",47.73136,-80.32791398
"E7-166","13","60",44.6076,-76.27898502
"E7-167","8","58",41.97527,-75.19598002
"E7-168","19","6",47.73136,-80.32791398
"E7-169","9","47",42.79109,-76.135327
"E7-170","6","62",41.57154,-74.48428896
"E7-171","14","70",44.29771,-78.300041
"E7-172","4","47",40.06813,-76.90717204
"E7-173","15","60",44.2915,-79.04909003
"E7-174","12","52",44.54749,-76.12868903
"E7-175","17","62",45.02376,-79.31190301
"E7-176","3","31",40.23327,-77.280415
"E7-177","3","46",40.23327,-77.280415
"E7-178","10","72",43.69717,-76.19529499
"E7-179","4","46",40.06813,-76.90717204
"E7-180","15","22",44.2915,-79.04909003
"E7-181","14","30",44.29771,-78.300041
"E7-182","11","60",43.28958,-76.128568
"E7-183","5","12",41.42692,-75.63466896
"E7-184","6","5",41.57154,-74.48428896
"E7-185","5","34",41.42692,-75.63466896
"E7-186","2","21",38.7966,-77.29988901
"E7-187","6","36",41.57154,-74.48428896
"E7-188","15","72",44.2915,-79.04909003
"E7-189","17","74",45.02376,-79.31190301
"E7-190","5","14",41.42692,-75.63466896
"E7-191","15","29",44.2915,-79.04909003
"E7-192","10","8",43.69717,-76.19529499
"E7-193","3","45",40.23327,-77.280415
"E7-194","19","40",47.73136,-80.32791398
"E7-195","3","53",40.23327,-77.280415
"E7-196","1","20",38.8235,-77.71118397
"E7-197","6","21",41.57154,-74.48428896
"E7-198","2","31",38.7966,-77.29988901
"E7-199","18","22",45.76868,-79.39777502
"E7-200","19","38",47.73136,-80.32791398
"E7-201","6","56",41.57154,-74.48428896
"E7-202","1","64",38.8235,-77.71118397
"E8-1","20","47",48.10384,-80.19977597
"E8-2","3","31",40.23327,-77.280415
"E8-3","14","17",44.29771,-78.300041
"E8-4","14","16",44.29771,-78.300041
"E8-5","13","45",44.6076,-76.27898502
"E8-6","12","51",44.54749,-76.12868903
"E8-7","12","36",44.54749,-76.12868903
"E8-8","22","64",46.75552,-79.04650404
"E8-9","19","75",47.73136,-80.32791398
"E8-10","13","26",44.6076,-76.27898502
"E8-11","3","75",40.23327,-77.280415
"E8-12","4","80",40.06813,-76.90717204
"E8-13","18","80",45.76868,-79.39777502
"E8-14","17","21",45.02376,-79.31190301
"E8-15","15","39",44.2915,-79.04909003
"E8-16","16","59",44.75284,-79.33799797
"E8-17","1","71",38.8235,-77.71118397
"E8-18","12","6",44.54749,-76.12868903
"E8-19","11","30",43.28958,-76.128568
"E8-20","10","8",43.69717,-76.19529499
"E8-21","22","46",46.75552,-79.04650404
"E8-22","8","60",41.97527,-75.19598002
"E8-23","9","27",42.79109,-76.135327
"E8-24","18","69",45.76868,-79.39777502
"E8-25","15","56",44.2915,-79.04909003
"E8-26","20","73",48.10384,-80.19977597
"E8-27","6","41",41.57154,-74.48428896
"E8-28","4","66",40.06813,-76.90717204
"E8-29","18","19",45.76868,-79.39777502
"E8-30","3","45",40.23327,-77.280415
"E8-31","18","77",45.76868,-79.39777502
"E8-32","14","30",44.29771,-78.300041
"E8-33","20","41",48.10384,-80.19977597
"E8-34","20","50",48.10384,-80.19977597
"E8-35","14","72",44.29771,-78.300041
"E8-36","13","61",44.6076,-76.27898502
"E8-37","11","9",43.28958,-76.128568
"E8-38","11","26",43.28958,-76.128568
"E8-39","14","9",44.29771,-78.300041
"E8-40","19","70",47.73136,-80.32791398
"E8-41","8","32",41.97527,-75.19598002
"E8-42","5","33",41.42692,-75.63466896
"E8-43","16","66",44.75284,-79.33799797
"E8-44","22","57",46.75552,-79.04650404
"E8-45","17","30",45.02376,-79.31190301
"E8-46","22","73",46.75552,-79.04650404
"E8-47","22","11",46.75552,-79.04650404
"E8-48","16","38",44.75284,-79.33799797
"E8-49","10","29",43.69717,-76.19529499
"E8-50","15","23",44.2915,-79.04909003
"E8-51","15","60",44.2915,-79.04909003
"E8-52","16","5",44.75284,-79.33799797
"E8-53","8","13",41.97527,-75.19598002
"E8-54","17","59",45.02376,-79.31190301
"E8-55","6","44",41.57154,-74.48428896
"E8-56","1","26",38.8235,-77.71118397
"E8-57","17","48",45.02376,-79.31190301
"E8-58","1","47",38.8235,-77.71118397
"E8-59","15","7",44.2915,-79.04909003
"E8-60","14","11",44.29771,-78.300041
"E8-61","19","69",47.73136,-80.32791398
"E8-62","4","73",40.06813,-76.90717204
"E8-63","4","14",40.06813,-76.90717204
"E8-64","12","3",44.54749,-76.12868903
"E8-65","18","50",45.76868,-79.39777502
"E8-66","8","58",41.97527,-75.19598002
"E8-67","18","61",45.76868,-79.39777502
"E8-68","22","15",46.75552,-79.04650404
"E8-69","16","70",44.75284,-79.33799797
"E8-70","16","48",44.75284,-79.33799797
"E8-71","13","78",44.6076,-76.27898502
"E8-72","14","70",44.29771,-78.300041
"E8-73","12","22",44.54749,-76.12868903
"E8-74","18","30",45.76868,-79.39777502
"E8-75","4","65",40.06813,-76.90717204
"E8-76","10","35",43.69717,-76.19529499
"E8-77","15","72",44.2915,-79.04909003
"E8-78","8","36",41.97527,-75.19598002
"E8-79","15","42",44.2915,-79.04909003
"E8-80","11","66",43.28958,-76.128568
"E8-81","19","59",47.73136,-80.32791398
"E8-82","16","9",44.75284,-79.33799797
"E8-83","20","5",48.10384,-80.19977597
"E8-84","2","77",38.7966,-77.29988901
"E8-85","6","65",41.57154,-74.48428896
"E8-86","16","13",44.75284,-79.33799797
"E8-87","10","54",43.69717,-76.19529499
"E8-88","1","17",38.8235,-77.71118397
"E8-89","15","22",44.2915,-79.04909003
"E8-90","18","22",45.76868,-79.39777502
"E8-91","17","13",45.02376,-79.31190301
"E8-92","16","60",44.75284,-79.33799797
"E8-93","16","52",44.75284,-79.33799797
"E8-94","14","21",44.29771,-78.300041
"E8-95","20","59",48.10384,-80.19977597
"E8-96","9","35",42.79109,-76.135327
"E8-97","9","36",42.79109,-76.135327
"E8-98","19","31",47.73136,-80.32791398
"E8-99","22","6",46.75552,-79.04650404
"E8-100","1","12",38.8235,-77.71118397
"E8-101","18","71",45.76868,-79.39777502
"E8-102","12","60",44.54749,-76.12868903
"E8-103","2","46",38.7966,-77.29988901
"E8-104","4","46",40.06813,-76.90717204
"E8-105","5","12",41.42692,-75.63466896
"E8-106","4","47",40.06813,-76.90717204
"E8-107","3","46",40.23327,-77.280415
"E8-108","3","53",40.23327,-77.280415
"E8-109","10","62",43.69717,-76.19529499
"E8-110","11","15",43.28958,-76.128568
"E8-111","5","50",41.42692,-75.63466896
"E8-112","12","52",44.54749,-76.12868903
"E8-113","12","47",44.54749,-76.12868903
"E8-114","18","2",45.76868,-79.39777502
"E8-115","22","60",46.75552,-79.04650404
"E8-116","22","32",46.75552,-79.04650404
"E8-117","4","48",40.06813,-76.90717204
"E8-118","2","74",38.7966,-77.29988901
"E8-119","5","28",41.42692,-75.63466896
"E8-120","13","2",44.6076,-76.27898502
"E8-121","15","29",44.2915,-79.04909003
"E8-122","10","2",43.69717,-76.19529499
"E8-123","6","20",41.57154,-74.48428896
"E8-124","17","62",45.02376,-79.31190301
"E8-125","11","68",43.28958,-76.128568
"E8-126","11","41",43.28958,-76.128568
"E8-127","19","53",47.73136,-80.32791398
"E8-128","1","7",38.8235,-77.71118397
"E8-129","2","19",38.7966,-77.29988901
"E8-130","8","55",41.97527,-75.19598002
"E8-131","6","5",41.57154,-74.48428896
"E8-132","17","1",45.02376,-79.31190301
"E8-133","3","34",40.23327,-77.280415
"E8-134","19","40",47.73136,-80.32791398
"E8-135","12","69",44.54749,-76.12868903
"E8-136","13","60",44.6076,-76.27898502
"E8-137","13","21",44.6076,-76.27898502
"E8-138","10","30",43.69717,-76.19529499
"E8-139","5","74",41.42692,-75.63466896
"E8-140","20","23",48.10384,-80.19977597
"E8-141","19","6",47.73136,-80.32791398
"E8-142","10","72",43.69717,-76.19529499
"E8-143","22","45",46.75552,-79.04650404
"E8-144","9","49",42.79109,-76.135327
"E8-145","11","37",43.28958,-76.128568
"E8-146","9","47",42.79109,-76.135327
"E8-147","11","58",43.28958,-76.128568
"E8-148","13","37",44.6076,-76.27898502
"E8-149","5","14",41.42692,-75.63466896
"E8-150","2","7",38.7966,-77.29988901
"E8-151","6","36",41.57154,-74.48428896
"E8-152","3","24",40.23327,-77.280415
"E8-153","3","76",40.23327,-77.280415
"E8-154","18","76",45.76868,-79.39777502
"E8-155","8","43",41.97527,-75.19598002
"E8-156","13","53",44.6076,-76.27898502
"E8-157","1","25",38.8235,-77.71118397
"E8-158","22","24",46.75552,-79.04650404
"E8-159","2","31",38.7966,-77.29988901
"E8-160","15","13",44.2915,-79.04909003
"E8-161","19","25",47.73136,-80.32791398
"E8-162","9","33",42.79109,-76.135327
"E8-163","14","61",44.29771,-78.300041
"E8-164","12","29",44.54749,-76.12868903
"E8-165","8","59",41.97527,-75.19598002
"E8-166","20","30",48.10384,-80.19977597
"E8-167","13","27",44.6076,-76.27898502
"E8-168","17","70",45.02376,-79.31190301
"E8-169","2","25",38.7966,-77.29988901
"E8-170","2","35",38.7966,-77.29988901
"E8-171","6","62",41.57154,-74.48428896
"E8-172","4","64",40.06813,-76.90717204
"E8-173","1","64",38.8235,-77.71118397
"E8-174","19","60",47.73136,-80.32791398
"E8-175","6","19",41.57154,-74.48428896
"E8-176","5","37",41.42692,-75.63466896
"E8-177","10","76",43.69717,-76.19529499
"E8-178","11","60",43.28958,-76.128568
"E8-179","19","38",47.73136,-80.32791398
"E8-180","10","37",43.69717,-76.19529499
"E8-181","14","20",44.29771,-78.300041
"E8-182","20","7",48.10384,-80.19977597
"E8-183","12","68",44.54749,-76.12868903
"E8-184","2","21",38.7966,-77.29988901
"E8-185","14","79",44.29771,-78.300041
"E8-186","4","26",40.06813,-76.90717204
"E8-187","17","76",45.02376,-79.31190301
"E8-188","8","12",41.97527,-75.19598002
"E8-189","8","63",41.97527,-75.19598002
"E8-190","20","43",48.10384,-80.19977597
"E8-191","11","63",43.28958,-76.128568
"E8-192","12","75",44.54749,-76.12868903
"E8-193","2","12",38.7966,-77.29988901
"E8-194","22","48",46.75552,-79.04650404
"E8-195","10","7",43.69717,-76.19529499
"E8-196","15","14",44.2915,-79.04909003
"E8-197","6","56",41.57154,-74.48428896
"E8-198","1","20",38.8235,-77.71118397
"E8-199","17","74",45.02376,-79.31190301
"E8-200","1","2",38.8235,-77.71118397
"E9-1","19","70",47.73136,-80.32791398
"E9-2","5","37",41.42692,-75.63466896
"E9-3","15","72",44.2915,-79.04909003
"E9-4","6","56",41.57154,-74.48428896
"E9-5","22","32",46.75552,-79.04650404
"E9-6","20","5",48.10384,-80.19977597
"E9-7","6","62",41.57154,-74.48428896
"E9-8","13","2",44.6076,-76.27898502
"E9-9","22","46",46.75552,-79.04650404
"E9-10","10","30",43.69717,-76.19529499
"E9-11","1","12",38.8235,-77.71118397
"E9-12","19","38",47.73136,-80.32791398
"E9-13","1","47",38.8235,-77.71118397
"E9-14","1","25",38.8235,-77.71118397
"E9-15","19","59",47.73136,-80.32791398
"E9-16","10","7",43.69717,-76.19529499
"E9-17","1","64",38.8235,-77.71118397
"E9-18","18","30",45.76868,-79.39777502
"E9-19","22","15",46.75552,-79.04650404
"E9-20","11","68",43.28958,-76.128568
"E9-22","12","68",44.54749,-76.12868903
"E9-23","13","53",44.6076,-76.27898502
"E9-24","11","41",43.28958,-76.128568
"E9-25","22","48",46.75552,-79.04650404
"E9-26","16","52",44.75284,-79.33799797
"E9-27","8","60",41.97527,-75.19598002
"E9-28","1","59",38.8235,-77.71118397
"E9-29","15","29",44.2915,-79.04909003
"E9-30","17","48",45.02376,-79.31190301
"E9-31","17","59",45.02376,-79.31190301
"E9-32","16","70",44.75284,-79.33799797
"E9-33","8","32",41.97527,-75.19598002
"E9-34","4","47",40.06813,-76.90717204
"E9-35","18","76",45.76868,-79.39777502
"E9-36","9","27",42.79109,-76.135327
"E9-37","16","38",44.75284,-79.33799797
"E9-38","8","63",41.97527,-75.19598002
"E9-39","12","29",44.54749,-76.12868903
"E9-40","14","16",44.29771,-78.300041
"E9-41","9","35",42.79109,-76.135327
"E9-42","12","22",44.54749,-76.12868903
"E9-43","9","49",42.79109,-76.135327
"E9-44","1","26",38.8235,-77.71118397
"E9-45","2","7",38.7966,-77.29988901
"E9-46","12","51",44.54749,-76.12868903
"E9-47","4","14",40.06813,-76.90717204
"E9-48","15","7",44.2915,-79.04909003
"E9-49","10","29",43.69717,-76.19529499
"E9-50","15","56",44.2915,-79.04909003
"E9-51","1","17",38.8235,-77.71118397
"E9-52","22","64",46.75552,-79.04650404
"E9-53","8","55",41.97527,-75.19598002
"E9-54","3","34",40.23327,-77.280415
"E9-55","1","7",38.8235,-77.71118397
"E9-56","3","76",40.23327,-77.280415
"E9-57","13","60",44.6076,-76.27898502
"E9-58","15","13",44.2915,-79.04909003
"E9-59","14","70",44.29771,-78.300041
"E9-60","16","48",44.75284,-79.33799797
"E9-61","10","2",43.69717,-76.19529499
"E9-62","17","74",45.02376,-79.31190301
"E9-63","17","21",45.02376,-79.31190301
"E9-64","14","79",44.29771,-78.300041
"E9-65","14","30",44.29771,-78.300041
"E9-66","6","44",41.57154,-74.48428896
"E9-67","8","13",41.97527,-75.19598002
"E9-68","11","9",43.28958,-76.128568
"E9-69","4","80",40.06813,-76.90717204
"E9-70","6","41",41.57154,-74.48428896
"E9-71","16","5",44.75284,-79.33799797
"E9-72","8","59",41.97527,-75.19598002
"E9-73","2","35",38.7966,-77.29988901
"E9-74","5","50",41.42692,-75.63466896
"E9-75","19","31",47.73136,-80.32791398
"E9-76","13","78",44.6076,-76.27898502
"E9-77","17","76",45.02376,-79.31190301
"E9-78","14","72",44.29771,-78.300041
"E9-79","19","40",47.73136,-80.32791398
"E9-80","12","47",44.54749,-76.12868903
"E9-81","14","9",44.29771,-78.300041
"E9-82","15","60",44.2915,-79.04909003
"E9-83","17","70",45.02376,-79.31190301
"E9-84","14","21",44.29771,-78.300041
"E9-85","16","13",44.75284,-79.33799797
"E9-86","3","31",40.23327,-77.280415
"E9-87","11","37",43.28958,-76.128568
"E9-88","2","21",38.7966,-77.29988901
"E9-89","10","62",43.69717,-76.19529499
"E9-90","13","61",44.6076,-76.27898502
"E9-91","3","45",40.23327,-77.280415
"E9-92","8","58",41.97527,-75.19598002
"E9-93","20","41",48.10384,-80.19977597
"E9-94","2","19",38.7966,-77.29988901
"E9-95","12","52",44.54749,-76.12868903
"E9-96","1","2",38.8235,-77.71118397
"E9-97","15","23",44.2915,-79.04909003
"E9-98","4","46",40.06813,-76.90717204
"E9-99","16","59",44.75284,-79.33799797
"E9-100","6","65",41.57154,-74.48428896
"E9-101","14","11",44.29771,-78.300041
"E9-102","5","12",41.42692,-75.63466896
"E9-103","5","74",41.42692,-75.63466896
"E9-104","22","6",46.75552,-79.04650404
"E9-105","8","36",41.97527,-75.19598002
"E9-106","8","43",41.97527,-75.19598002
"E9-107","6","20",41.57154,-74.48428896
"E9-108","2","74",38.7966,-77.29988901
"E9-109","2","12",38.7966,-77.29988901
"E9-110","5","33",41.42692,-75.63466896
"E9-111","20","23",48.10384,-80.19977597
"E9-112","19","75",47.73136,-80.32791398
"E9-113","10","76",43.69717,-76.19529499
"E9-114","12","75",44.54749,-76.12868903
"E9-115","2","46",38.7966,-77.29988901
"E9-116","12","69",44.54749,-76.12868903
"E9-117","4","65",40.06813,-76.90717204
"E9-118","9","47",42.79109,-76.135327
"E9-119","18","61",45.76868,-79.39777502
"E9-120","22","57",46.75552,-79.04650404
"E9-121","14","61",44.29771,-78.300041
"E9-122","15","22",44.2915,-79.04909003
"E9-123","11","58",43.28958,-76.128568
"E9-124","20","43",48.10384,-80.19977597
"E9-125","3","46",40.23327,-77.280415
"E9-126","1","20",38.8235,-77.71118397
"E9-127","17","62",45.02376,-79.31190301
"E9-128","4","48",40.06813,-76.90717204
"E9-129","6","19",41.57154,-74.48428896
"E9-130","11","63",43.28958,-76.128568
"E9-131","17","1",45.02376,-79.31190301
"E9-132","16","60",44.75284,-79.33799797
"E9-133","20","50",48.10384,-80.19977597
"E9-134","19","6",47.73136,-80.32791398
"E9-135","22","45",46.75552,-79.04650404
"E9-136","18","19",45.76868,-79.39777502
"E9-137","12","3",44.54749,-76.12868903
"E9-138","1","71",38.8235,-77.71118397
"E9-139","13","26",44.6076,-76.27898502
"E9-140","10","72",43.69717,-76.19529499
"E9-141","12","60",44.54749,-76.12868903
"E9-142","19","69",47.73136,-80.32791398
"E9-143","20","59",48.10384,-80.19977597
"E9-144","2","31",38.7966,-77.29988901
"E9-145","22","60",46.75552,-79.04650404
"E9-146","15","42",44.2915,-79.04909003
"E9-147","19","60",47.73136,-80.32791398
"E9-148","15","14",44.2915,-79.04909003
"E9-149","11","30",43.28958,-76.128568
"E9-150","12","6",44.54749,-76.12868903
"E9-151","11","66",43.28958,-76.128568
"E9-152","13","27",44.6076,-76.27898502
"E9-153","10","37",43.69717,-76.19529499
"E9-154","3","53",40.23327,-77.280415
"E9-155","20","30",48.10384,-80.19977597
"E9-156","6","5",41.57154,-74.48428896
"E9-157","19","25",47.73136,-80.32791398
"E9-158","15","39",44.2915,-79.04909003
"E9-159","9","33",42.79109,-76.135327
"E9-160","17","30",45.02376,-79.31190301
"E9-161","16","9",44.75284,-79.33799797
"E9-162","18","71",45.76868,-79.39777502
"E9-163","18","2",45.76868,-79.39777502
"E9-164","2","77",38.7966,-77.29988901
"E9-165","4","73",40.06813,-76.90717204
"E9-166","22","73",46.75552,-79.04650404
"E9-167","11","15",43.28958,-76.128568
"E9-168","10","54",43.69717,-76.19529499
"E9-169","14","20",44.29771,-78.300041
"E9-170","9","36",42.79109,-76.135327
"E9-171","19","53",47.73136,-80.32791398
"E9-172","20","73",48.10384,-80.19977597
"E9-173","4","64",40.06813,-76.90717204
"E9-174","17","13",45.02376,-79.31190301
"E9-175","8","12",41.97527,-75.19598002
"E9-176","18","50",45.76868,-79.39777502
"E9-177","5","28",41.42692,-75.63466896
"E9-178","2","25",38.7966,-77.29988901
"E9-179","20","7",48.10384,-80.19977597
"E9-180","22","11",46.75552,-79.04650404
"E9-181","10","35",43.69717,-76.19529499
"E9-182","22","24",46.75552,-79.04650404
"E9-183","14","17",44.29771,-78.300041
"E9-184","11","26",43.28958,-76.128568
"E9-185","11","60",43.28958,-76.128568
"E9-186","13","37",44.6076,-76.27898502
"E9-187","3","75",40.23327,-77.280415
"E9-188","13","45",44.6076,-76.27898502
"E9-189","18","80",45.76868,-79.39777502
"E9-190","16","66",44.75284,-79.33799797
"E9-191","13","21",44.6076,-76.27898502
"E9-192","12","36",44.54749,-76.12868903
"E9-193","3","24",40.23327,-77.280415
"E9-194","18","77",45.76868,-79.39777502
"E9-195","4","66",40.06813,-76.90717204
"E9-196","4","26",40.06813,-76.90717204
"E9-197","18","22",45.76868,-79.39777502
"E9-198","20","47",48.10384,-80.19977597
"E9-199","6","36",41.57154,-74.48428896
"E9-200","18","69",45.76868,-79.39777502
"E9-201","10","8",43.69717,-76.19529499
"E9-202","6","21",41.57154,-74.48428896
"E10-1","5","74",41.42692,-75.63466896
"E10-3","3","53",40.23327,-77.280415
"E10-4","15","7",44.2915,-79.04909003
"E10-5","22","11",46.75552,-79.04650404
"E10-6","18","2",45.76868,-79.39777502
"E10-7","20","5",48.10384,-80.19977597
"E10-8","4","80",40.06813,-76.90717204
"E10-9","2","12",38.7966,-77.29988901
"E10-10","3","24",40.23327,-77.280415
"E10-11","16","66",44.75284,-79.33799797
"E10-12","14","11",44.29771,-78.300041
"E10-13","6","65",41.57154,-74.48428896
"E10-14","11","60",43.28958,-76.128568
"E10-15","11","26",43.28958,-76.128568
"E10-16","6","21",41.57154,-74.48428896
"E10-17","13","60",44.6076,-76.27898502
"E10-18","18","50",45.76868,-79.39777502
"E10-19","10","2",43.69717,-76.19529499
"E10-20","3","76",40.23327,-77.280415
"E10-21","9","27",42.79109,-76.135327
"E10-22","1","12",38.8235,-77.71118397
"E10-23","22","46",46.75552,-79.04650404
"E10-24","17","30",45.02376,-79.31190301
"E10-25","2","31",38.7966,-77.29988901
"E10-26","8","43",41.97527,-75.19598002
"E10-27","11","58",43.28958,-76.128568
"E10-28","20","43",48.10384,-80.19977597
"E10-29","15","56",44.2915,-79.04909003
"E10-30","16","9",44.75284,-79.33799797
"E10-31","14","9",44.29771,-78.300041
"E10-32","15","29",44.2915,-79.04909003
"E10-33","8","32",41.97527,-75.19598002
"E10-34","1","20",38.8235,-77.71118397
"E10-35","10","72",43.69717,-76.19529499
"E10-36","15","13",44.2915,-79.04909003
"E10-37","12","22",44.54749,-76.12868903
"E10-38","16","5",44.75284,-79.33799797
"E10-39","14","72",44.29771,-78.300041
"E10-40","6","20",41.57154,-74.48428896
"E10-41","11","9",43.28958,-76.128568
"E10-42","15","42",44.2915,-79.04909003
"E10-43","17","70",45.02376,-79.31190301
"E10-44","18","77",45.76868,-79.39777502
"E10-45","17","21",45.02376,-79.31190301
"E10-46","8","58",41.97527,-75.19598002
"E10-47","5","50",41.42692,-75.63466896
"E10-48","10","37",43.69717,-76.19529499
"E10-49","1","64",38.8235,-77.71118397
"E10-50","14","20",44.29771,-78.300041
"E10-51","22","45",46.75552,-79.04650404
"E10-52","22","57",46.75552,-79.04650404
"E10-53","12","69",44.54749,-76.12868903
"E10-54","13","26",44.6076,-76.27898502
"E10-55","20","23",48.10384,-80.19977597
"E10-56","4","73",40.06813,-76.90717204
"E10-57","2","19",38.7966,-77.29988901
"E10-58","1","71",38.8235,-77.71118397
"E10-59","2","7",38.7966,-77.29988901
"E10-60","16","70",44.75284,-79.33799797
"E10-61","20","47",48.10384,-80.19977597
"E10-62","17","13",45.02376,-79.31190301
"E10-63","4","64",40.06813,-76.90717204
"E10-64","1","59",38.8235,-77.71118397
"E10-65","22","60",46.75552,-79.04650404
"E10-66","19","75",47.73136,-80.32791398
"E10-67","6","36",41.57154,-74.48428896
"E10-68","12","68",44.54749,-76.12868903
"E10-69","18","80",45.76868,-79.39777502
"E10-70","6","56",41.57154,-74.48428896
"E10-71","22","73",46.75552,-79.04650404
"E10-72","17","59",45.02376,-79.31190301
"E10-73","8","36",41.97527,-75.19598002
"E10-74","2","21",38.7966,-77.29988901
"E10-75","13","78",44.6076,-76.27898502
"E10-76","1","7",38.8235,-77.71118397
"E10-77","5","12",41.42692,-75.63466896
"E10-78","6","44",41.57154,-74.48428896
"E10-79","16","38",44.75284,-79.33799797
"E10-80","18","69",45.76868,-79.39777502
"E10-81","15","22",44.2915,-79.04909003
"E10-82","22","24",46.75552,-79.04650404
"E10-83","15","14",44.2915,-79.04909003
"E10-84","9","36",42.79109,-76.135327
"E10-85","16","60",44.75284,-79.33799797
"E10-86","19","25",47.73136,-80.32791398
"E10-87","1","47",38.8235,-77.71118397
"E10-88","10","76",43.69717,-76.19529499
"E10-89","20","59",48.10384,-80.19977597
"E10-90","16","48",44.75284,-79.33799797
"E10-91","4","66",40.06813,-76.90717204
"E10-92","12","36",44.54749,-76.12868903
"E10-93","10","7",43.69717,-76.19529499
"E10-94","4","48",40.06813,-76.90717204
"E10-95","15","60",44.2915,-79.04909003
"E10-96","17","1",45.02376,-79.31190301
"E10-97","15","23",44.2915,-79.04909003
"E10-98","2","25",38.7966,-77.29988901
"E10-99","18","30",45.76868,-79.39777502
"E10-100","19","59",47.73136,-80.32791398
"E10-101","2","46",38.7966,-77.29988901
"E10-102","17","48",45.02376,-79.31190301
"E10-103","11","63",43.28958,-76.128568
"E10-104","4","46",40.06813,-76.90717204
"E10-105","8","63",41.97527,-75.19598002
"E10-106","5","34",41.42692,-75.63466896
"E10-107","13","27",44.6076,-76.27898502
"E10-108","11","15",43.28958,-76.128568
"E10-109","14","30",44.29771,-78.300041
"E10-110","17","62",45.02376,-79.31190301
"E10-111","3","75",40.23327,-77.280415
"E10-112","16","13",44.75284,-79.33799797
"E10-113","14","79",44.29771,-78.300041
"E10-114","5","37",41.42692,-75.63466896
"E10-115","22","32",46.75552,-79.04650404
"E10-116","22","15",46.75552,-79.04650404
"E10-117","6","19",41.57154,-74.48428896
"E10-118","12","3",44.54749,-76.12868903
"E10-119","8","12",41.97527,-75.19598002
"E10-120","20","30",48.10384,-80.19977597
"E10-121","1","2",38.8235,-77.71118397
"E10-122","20","41",48.10384,-80.19977597
"E10-123","3","45",40.23327,-77.280415
"E10-124","3","34",40.23327,-77.280415
"E10-125","8","60",41.97527,-75.19598002
"E10-126","10","35",43.69717,-76.19529499
"E10-127","13","45",44.6076,-76.27898502
"E10-128","19","60",47.73136,-80.32791398
"E10-129","6","62",41.57154,-74.48428896
"E10-130","17","74",45.02376,-79.31190301
"E10-131","9","49",42.79109,-76.135327
"E10-132","18","19",45.76868,-79.39777502
"E10-133","1","25",38.8235,-77.71118397
"E10-134","11","41",43.28958,-76.128568
"E10-135","5","28",41.42692,-75.63466896
"E10-136","14","16",44.29771,-78.300041
"E10-137","13","21",44.6076,-76.27898502
"E10-138","10","54",43.69717,-76.19529499
"E10-139","10","30",43.69717,-76.19529499
"E10-140","8","55",41.97527,-75.19598002
"E10-141","4","26",40.06813,-76.90717204
"E10-142","6","5",41.57154,-74.48428896
"E10-143","9","33",42.79109,-76.135327
"E10-144","11","68",43.28958,-76.128568
"E10-145","2","35",38.7966,-77.29988901
"E10-146","13","2",44.6076,-76.27898502
"E10-147","5","33",41.42692,-75.63466896
"E10-148","18","22",45.76868,-79.39777502
"E10-149","9","47",42.79109,-76.135327
"E10-150","16","52",44.75284,-79.33799797
"E10-151","15","39",44.2915,-79.04909003
"E10-152","18","71",45.76868,-79.39777502
"E10-153","4","14",40.06813,-76.90717204
"E10-154","22","48",46.75552,-79.04650404
"E10-155","8","59",41.97527,-75.19598002
"E10-156","12","60",44.54749,-76.12868903
"E10-157","3","46",40.23327,-77.280415
"E10-158","15","72",44.2915,-79.04909003
"E10-159","19","31",47.73136,-80.32791398
"E10-160","17","76",45.02376,-79.31190301
"E10-161","1","17",38.8235,-77.71118397
"E10-162","14","17",44.29771,-78.300041
"E10-163","20","73",48.10384,-80.19977597
"E10-164","12","29",44.54749,-76.12868903
"E10-165","19","38",47.73136,-80.32791398
"E10-166","12","6",44.54749,-76.12868903
"E10-167","20","7",48.10384,-80.19977597
"E10-168","19","53",47.73136,-80.32791398
"E10-169","18","76",45.76868,-79.39777502
"E10-170","19","6",47.73136,-80.32791398
"E10-171","18","61",45.76868,-79.39777502
"E10-172","19","70",47.73136,-80.32791398
"E10-173","10","62",43.69717,-76.19529499
"E10-174","16","59",44.75284,-79.33799797
"E10-175","8","13",41.97527,-75.19598002
"E10-176","14","21",44.29771,-78.300041
"E10-177","12","51",44.54749,-76.12868903
"E10-178","1","26",38.8235,-77.71118397
"E10-179","2","74",38.7966,-77.29988901
"E10-180","22","64",46.75552,-79.04650404
"E10-181","11","30",43.28958,-76.128568
"E10-182","19","69",47.73136,-80.32791398
"E10-183","13","61",44.6076,-76.27898502
"E10-184","13","37",44.6076,-76.27898502
"E10-185","12","47",44.54749,-76.12868903
"E10-186","6","41",41.57154,-74.48428896
"E10-187","11","37",43.28958,-76.128568
"E10-188","9","35",42.79109,-76.135327
"E10-189","4","65",40.06813,-76.90717204
"E10-190","12","75",44.54749,-76.12868903
"E10-191","22","6",46.75552,-79.04650404
"E10-192","10","29",43.69717,-76.19529499
"E10-193","11","66",43.28958,-76.128568
"E10-194","4","47",40.06813,-76.90717204
"E10-195","14","70",44.29771,-78.300041
"E10-196","12","52",44.54749,-76.12868903
"E10-197","2","77",38.7966,-77.29988901
"E10-198","13","53",44.6076,-76.27898502
"E10-199","20","50",48.10384,-80.19977597
"E10-200","19","40",47.73136,-80.32791398
"E10-201","10","8",43.69717,-76.19529499
"E11-1","10","35",43.69717,-76.19529499
"E11-2","20","7",48.10384,-80.19977597
"E11-3","8","59",41.97527,-75.19598002
"E11-4","12","47",44.54749,-76.12868903
"E11-5","10","29",43.69717,-76.19529499
"E11-6","15","7",44.2915,-79.04909003
"E11-7","5","74",41.42692,-75.63466896
"E11-8","20","41",48.10384,-80.19977597
"E11-9","10","8",43.69717,-76.19529499
"E11-10","20","30",48.10384,-80.19977597
"E11-11","16","38",44.75284,-79.33799797
"E11-12","22","46",46.75552,-79.04650404
"E11-13","11","60",43.28958,-76.128568
"E11-14","3","34",40.23327,-77.280415
"E11-15","8","43",41.97527,-75.19598002
"E11-16","5","33",41.42692,-75.63466896
"E11-17","3","75",40.23327,-77.280415
"E11-18","4","66",40.06813,-76.90717204
"E11-19","18","76",45.76868,-79.39777502
"E11-20","17","30",45.02376,-79.31190301
"E11-21","14","61",44.29771,-78.300041
"E11-22","15","13",44.2915,-79.04909003
"E11-23","12","75",44.54749,-76.12868903
"E11-24","9","27",42.79109,-76.135327
"E11-25","4","80",40.06813,-76.90717204
"E11-26","9","49",42.79109,-76.135327
"E11-27","8","12",41.97527,-75.19598002
"E11-28","1","26",38.8235,-77.71118397
"E11-29","11","30",43.28958,-76.128568
"E11-30","14","16",44.29771,-78.300041
"E11-31","8","55",41.97527,-75.19598002
"E11-32","4","65",40.06813,-76.90717204
"E11-33","15","39",44.2915,-79.04909003
"E11-34","12","36",44.54749,-76.12868903
"E11-35","19","69",47.73136,-80.32791398
"E11-36","14","21",44.29771,-78.300041
"E11-37","3","53",40.23327,-77.280415
"E11-38","10","76",43.69717,-76.19529499
"E11-39","17","1",45.02376,-79.31190301
"E11-40","2","12",38.7966,-77.29988901
"E11-41","8","32",41.97527,-75.19598002
"E11-42","22","15",46.75552,-79.04650404
"E11-43","19","59",47.73136,-80.32791398
"E11-44","17","59",45.02376,-79.31190301
"E11-45","8","63",41.97527,-75.19598002
"E11-46","11","26",43.28958,-76.128568
"E11-47","20","5",48.10384,-80.19977597
"E11-48","2","35",38.7966,-77.29988901
"E11-49","19","25",47.73136,-80.32791398
"E11-50","8","36",41.97527,-75.19598002
"E11-52","15","72",44.2915,-79.04909003
"E11-53","6","62",41.57154,-74.48428896
"E11-54","12","60",44.54749,-76.12868903
"E11-55","13","27",44.6076,-76.27898502
"E11-56","1","17",38.8235,-77.71118397
"E11-57","19","6",47.73136,-80.32791398
"E11-58","19","70",47.73136,-80.32791398
"E11-59","9","33",42.79109,-76.135327
"E11-60","1","47",38.8235,-77.71118397
"E11-61","14","17",44.29771,-78.300041
"E11-62","9","35",42.79109,-76.135327
"E11-63","11","9",43.28958,-76.128568
"E11-64","14","30",44.29771,-78.300041
"E11-65","16","48",44.75284,-79.33799797
"E11-66","18","71",45.76868,-79.39777502
"E11-67","14","9",44.29771,-78.300041
"E11-68","19","31",47.73136,-80.32791398
"E11-69","1","25",38.8235,-77.71118397
"E11-70","12","69",44.54749,-76.12868903
"E11-71","11","58",43.28958,-76.128568
"E11-72","2","7",38.7966,-77.29988901
"E11-73","6","65",41.57154,-74.48428896
"E11-74","17","21",45.02376,-79.31190301
"E11-75","2","21",38.7966,-77.29988901
"E11-76","15","42",44.2915,-79.04909003
"E11-77","2","25",38.7966,-77.29988901
"E11-78","13","21",44.6076,-76.27898502
"E11-79","12","52",44.54749,-76.12868903
"E11-80","14","72",44.29771,-78.300041
"E11-81","17","48",45.02376,-79.31190301
"E11-82","1","64",38.8235,-77.71118397
"E11-83","5","14",41.42692,-75.63466896
"E11-84","17","76",45.02376,-79.31190301
"E11-85","6","44",41.57154,-74.48428896
"E11-86","2","19",38.7966,-77.29988901
"E11-87","3","76",40.23327,-77.280415
"E11-88","1","20",38.8235,-77.71118397
"E11-89","19","60",47.73136,-80.32791398
"E11-90","11","63",43.28958,-76.128568
"E11-91","18","61",45.76868,-79.39777502
"E11-92","16","59",44.75284,-79.33799797
"E11-93","15","22",44.2915,-79.04909003
"E11-94","17","74",45.02376,-79.31190301
"E11-95","15","23",44.2915,-79.04909003
"E11-96","19","53",47.73136,-80.32791398
"E11-97","6","56",41.57154,-74.48428896
"E11-98","6","41",41.57154,-74.48428896
"E11-99","13","45",44.6076,-76.27898502
"E11-100","14","11",44.29771,-78.300041
"E11-101","13","60",44.6076,-76.27898502
"E11-102","22","64",46.75552,-79.04650404
"E11-103","8","60",41.97527,-75.19598002
"E11-104","18","69",45.76868,-79.39777502
"E11-105","3","31",40.23327,-77.280415
"E11-106","22","57",46.75552,-79.04650404
"E11-107","15","56",44.2915,-79.04909003
"E11-108","2","74",38.7966,-77.29988901
"E11-109","4","26",40.06813,-76.90717204
"E11-110","20","59",48.10384,-80.19977597
"E11-111","12","51",44.54749,-76.12868903
"E11-112","10","30",43.69717,-76.19529499
"E11-113","15","29",44.2915,-79.04909003
"E11-114","5","50",41.42692,-75.63466896
"E11-115","22","48",46.75552,-79.04650404
"E11-116","10","72",43.69717,-76.19529499
"E11-117","20","47",48.10384,-80.19977597
"E11-118","4","46",40.06813,-76.90717204
"E11-119","4","14",40.06813,-76.90717204
"E11-120","6","19",41.57154,-74.48428896
"E11-121","20","23",48.10384,-80.19977597
"E11-122","18","80",45.76868,-79.39777502
"E11-123","22","60",46.75552,-79.04650404
"E11-124","2","46",38.7966,-77.29988901
"E11-125","11","68",43.28958,-76.128568
"E11-126","4","73",40.06813,-76.90717204
"E11-127","2","77",38.7966,-77.29988901
"E11-128","13","78",44.6076,-76.27898502
"E11-129","4","47",40.06813,-76.90717204
"E11-130","14","20",44.29771,-78.300041
"E11-131","22","11",46.75552,-79.04650404
"E11-132","6","21",41.57154,-74.48428896
"E11-133","11","15",43.28958,-76.128568
"E11-134","22","73",46.75552,-79.04650404
"E11-135","18","2",45.76868,-79.39777502
"E11-136","16","66",44.75284,-79.33799797
"E11-137","16","9",44.75284,-79.33799797
"E11-138","3","45",40.23327,-77.280415
"E11-139","18","50",45.76868,-79.39777502
"E11-140","13","37",44.6076,-76.27898502
"E11-141","10","37",43.69717,-76.19529499
"E11-142","11","41",43.28958,-76.128568
"E11-143","5","37",41.42692,-75.63466896
"E11-144","15","14",44.2915,-79.04909003
"E11-145","3","24",40.23327,-77.280415
"E11-146","8","58",41.97527,-75.19598002
"E11-147","6","5",41.57154,-74.48428896
"E11-148","16","60",44.75284,-79.33799797
"E11-149","17","70",45.02376,-79.31190301
"E11-150","10","7",43.69717,-76.19529499
"E11-151","16","5",44.75284,-79.33799797
"E11-152","8","13",41.97527,-75.19598002
"E11-153","12","6",44.54749,-76.12868903
"E11-154","2","31",38.7966,-77.29988901
"E11-155","18","30",45.76868,-79.39777502
"E11-156","22","24",46.75552,-79.04650404
"E11-157","18","22",45.76868,-79.39777502
"E11-158","12","68",44.54749,-76.12868903
"E11-159","1","12",38.8235,-77.71118397
"E11-160","10","62",43.69717,-76.19529499
"E11-161","12","29",44.54749,-76.12868903
"E11-162","16","70",44.75284,-79.33799797
"E11-163","19","75",47.73136,-80.32791398
"E11-164","17","62",45.02376,-79.31190301
"E11-165","1","59",38.8235,-77.71118397
"E11-166","22","32",46.75552,-79.04650404
"E11-167","1","2",38.8235,-77.71118397
"E11-168","18","19",45.76868,-79.39777502
"E11-169","18","77",45.76868,-79.39777502
"E11-170","16","52",44.75284,-79.33799797
"E11-171","20","73",48.10384,-80.19977597
"E11-172","6","36",41.57154,-74.48428896
"E11-173","14","79",44.29771,-78.300041
"E11-174","11","37",43.28958,-76.128568
"E11-175","13","26",44.6076,-76.27898502
"E11-176","10","2",43.69717,-76.19529499
"E11-177","4","48",40.06813,-76.90717204
"E11-178","9","47",42.79109,-76.135327
"E11-179","20","43",48.10384,-80.19977597
"E11-180","3","46",40.23327,-77.280415
"E11-181","10","54",43.69717,-76.19529499
"E11-182","19","38",47.73136,-80.32791398
"E11-183","15","60",44.2915,-79.04909003
"E11-184","13","61",44.6076,-76.27898502
"E11-185","1","71",38.8235,-77.71118397
"E11-186","20","50",48.10384,-80.19977597
"E11-187","9","36",42.79109,-76.135327
"E11-188","22","6",46.75552,-79.04650404
"E11-189","1","7",38.8235,-77.71118397
"E11-190","16","13",44.75284,-79.33799797
"E11-191","13","2",44.6076,-76.27898502
"E11-192","11","66",43.28958,-76.128568
"E11-193","13","53",44.6076,-76.27898502
"E11-194","12","22",44.54749,-76.12868903
"E11-195","14","70",44.29771,-78.300041
"E11-196","4","64",40.06813,-76.90717204
"E11-197","6","20",41.57154,-74.48428896
"E11-198","12","3",44.54749,-76.12868903
"E11-199","22","45",46.75552,-79.04650404
"E11-200","17","13",45.02376,-79.31190301
"E11-201","19","40",47.73136,-80.32791398
"E12-1","10","76",43.69717,-76.19529499
"E12-2","8","12",41.97527,-75.19598002
"E12-3","15","42",44.2915,-79.04909003
"E12-4","19","25",47.73136,-80.32791398
"E12-5","20","41",48.10384,-80.19977597
"E12-6","22","46",46.75552,-79.04650404
"E12-7","15","13",44.2915,-79.04909003
"E12-8","14","72",44.29771,-78.300041
"E12-9","4","66",40.06813,-76.90717204
"E12-10","22","24",46.75552,-79.04650404
"E12-11","15","60",44.2915,-79.04909003
"E12-12","11","9",43.28958,-76.128568
"E12-13","4","26",40.06813,-76.90717204
"E12-14","18","30",45.76868,-79.39777502
"E12-15","2","77",38.7966,-77.29988901
"E12-16","10","37",43.69717,-76.19529499
"E12-17","16","52",44.75284,-79.33799797
"E12-18","11","26",43.28958,-76.128568
"E12-19","1","25",38.8235,-77.71118397
"E12-20","4","48",40.06813,-76.90717204
"E12-21","13","53",44.6076,-76.27898502
"E12-22","2","25",38.7966,-77.29988901
"E12-23","12","22",44.54749,-76.12868903
"E12-24","1","71",38.8235,-77.71118397
"E12-25","20","30",48.10384,-80.19977597
"E12-26","8","13",41.97527,-75.19598002
"E12-27","15","22",44.2915,-79.04909003
"E12-28","2","21",38.7966,-77.29988901
"E12-29","18","71",45.76868,-79.39777502
"E12-30","16","38",44.75284,-79.33799797
"E12-31","4","46",40.06813,-76.90717204
"E12-32","5","33",41.42692,-75.63466896
"E12-33","15","29",44.2915,-79.04909003
"E12-34","14","30",44.29771,-78.300041
"E12-35","10","29",43.69717,-76.19529499
"E12-36","19","60",47.73136,-80.32791398
"E12-37","12","3",44.54749,-76.12868903
"E12-38","8","63",41.97527,-75.19598002
"E12-39","5","28",41.42692,-75.63466896
"E12-40","1","59",38.8235,-77.71118397
"E12-41","5","50",41.42692,-75.63466896
"E12-42","9","36",42.79109,-76.135327
"E12-43","8","32",41.97527,-75.19598002
"E12-44","5","37",41.42692,-75.63466896
"E12-45","14","21",44.29771,-78.300041
"E12-46","4","80",40.06813,-76.90717204
"E12-47","14","16",44.29771,-78.300041
"E12-48","6","44",41.57154,-74.48428896
"E12-49","18","80",45.76868,-79.39777502
"E12-50","1","26",38.8235,-77.71118397
"E12-51","11","63",43.28958,-76.128568
"E12-52","18","50",45.76868,-79.39777502
"E12-53","15","39",44.2915,-79.04909003
"E12-54","5","34",41.42692,-75.63466896
"E12-55","20","7",48.10384,-80.19977597
"E12-56","22","60",46.75552,-79.04650404
"E12-57","17","74",45.02376,-79.31190301
"E12-58","8","59",41.97527,-75.19598002
"E12-59","19","53",47.73136,-80.32791398
"E12-60","1","20",38.8235,-77.71118397
"E12-61","13","27",44.6076,-76.27898502
"E12-62","17","76",45.02376,-79.31190301
"E12-63","6","21",41.57154,-74.48428896
"E12-64","12","29",44.54749,-76.12868903
"E12-65","2","12",38.7966,-77.29988901
"E12-66","12","36",44.54749,-76.12868903
"E12-67","2","35",38.7966,-77.29988901
"E12-68","3","46",40.23327,-77.280415
"E12-69","1","2",38.8235,-77.71118397
"E12-70","19","69",47.73136,-80.32791398
"E12-71","13","45",44.6076,-76.27898502
"E12-72","13","26",44.6076,-76.27898502
"E12-73","10","35",43.69717,-76.19529499
"E12-74","6","41",41.57154,-74.48428896
"E12-75","8","60",41.97527,-75.19598002
"E12-76","19","31",47.73136,-80.32791398
"E12-77","8","58",41.97527,-75.19598002
"E12-78","17","21",45.02376,-79.31190301
"E12-79","12","51",44.54749,-76.12868903
"E12-80","13","78",44.6076,-76.27898502
"E12-81","18","69",45.76868,-79.39777502
"E12-82","20","5",48.10384,-80.19977597
"E12-83","4","65",40.06813,-76.90717204
"E12-84","9","33",42.79109,-76.135327
"E12-85","8","55",41.97527,-75.19598002
"E12-86","3","76",40.23327,-77.280415
"E12-87","14","79",44.29771,-78.300041
"E12-88","14","70",44.29771,-78.300041
"E12-89","9","49",42.79109,-76.135327
"E12-90","14","9",44.29771,-78.300041
"E12-91","12","6",44.54749,-76.12868903
"E12-92","6","36",41.57154,-74.48428896
"E12-93","16","60",44.75284,-79.33799797
"E12-94","22","32",46.75552,-79.04650404
"E12-95","12","68",44.54749,-76.12868903
"E12-96","19","70",47.73136,-80.32791398
"E12-97","3","24",40.23327,-77.280415
"E12-98","18","61",45.76868,-79.39777502
"E12-99","11","30",43.28958,-76.128568
"E12-100","17","48",45.02376,-79.31190301
"E12-101","17","1",45.02376,-79.31190301
"E12-102","5","74",41.42692,-75.63466896
"E12-103","9","35",42.79109,-76.135327
"E12-104","15","14",44.2915,-79.04909003
"E12-105","22","6",46.75552,-79.04650404
"E12-106","13","60",44.6076,-76.27898502
"E12-107","17","62",45.02376,-79.31190301
"E12-108","6","56",41.57154,-74.48428896
"E12-109","4","47",40.06813,-76.90717204
"E12-110","20","59",48.10384,-80.19977597
"E12-111","22","64",46.75552,-79.04650404
"E12-112","22","11",46.75552,-79.04650404
"E12-113","11","37",43.28958,-76.128568
"E12-114","13","61",44.6076,-76.27898502
"E12-115","10","62",43.69717,-76.19529499
"E12-116","8","43",41.97527,-75.19598002
"E12-117","11","41",43.28958,-76.128568
"E12-118","16","9",44.75284,-79.33799797
"E12-119","13","2",44.6076,-76.27898502
"E12-120","14","17",44.29771,-78.300041
"E12-121","4","73",40.06813,-76.90717204
"E12-122","22","15",46.75552,-79.04650404
"E12-123","14","61",44.29771,-78.300041
"E12-124","11","15",43.28958,-76.128568
"E12-125","10","7",43.69717,-76.19529499
"E12-126","2","7",38.7966,-77.29988901
"E12-127","15","56",44.2915,-79.04909003
"E12-128","3","75",40.23327,-77.280415
"E12-129","9","27",42.79109,-76.135327
"E12-130","16","70",44.75284,-79.33799797
"E12-131","17","13",45.02376,-79.31190301
"E12-132","12","52",44.54749,-76.12868903
"E12-133","18","19",45.76868,-79.39777502
"E12-134","20","23",48.10384,-80.19977597
"E12-135","9","47",42.79109,-76.135327
"E12-136","17","70",45.02376,-79.31190301
"E12-137","19","38",47.73136,-80.32791398
"E12-138","11","66",43.28958,-76.128568
"E12-139","11","58",43.28958,-76.128568
"E12-140","10","8",43.69717,-76.19529499
"E12-141","16","13",44.75284,-79.33799797
"E12-142","20","50",48.10384,-80.19977597
"E12-143","2","74",38.7966,-77.29988901
"E12-144","3","53",40.23327,-77.280415
"E12-145","18","22",45.76868,-79.39777502
"E12-146","17","30",45.02376,-79.31190301
"E12-147","1","64",38.8235,-77.71118397
"E12-148","22","45",46.75552,-79.04650404
"E12-149","13","21",44.6076,-76.27898502
"E12-150","10","54",43.69717,-76.19529499
"E12-151","18","77",45.76868,-79.39777502
"E12-152","2","19",38.7966,-77.29988901
"E12-153","12","47",44.54749,-76.12868903
"E12-154","2","46",38.7966,-77.29988901
"E12-155","3","31",40.23327,-77.280415
"E12-156","16","5",44.75284,-79.33799797
"E12-157","18","76",45.76868,-79.39777502
"E12-158","1","12",38.8235,-77.71118397
"E12-159","4","14",40.06813,-76.90717204
"E12-160","20","73",48.10384,-80.19977597
"E12-161","15","7",44.2915,-79.04909003
"E12-162","3","34",40.23327,-77.280415
"E12-163","20","43",48.10384,-80.19977597
"E12-164","1","47",38.8235,-77.71118397
"E12-165","20","47",48.10384,-80.19977597
"E12-166","13","37",44.6076,-76.27898502
"E12-167","6","62",41.57154,-74.48428896
"E12-168","22","48",46.75552,-79.04650404
"E12-169","19","75",47.73136,-80.32791398
"E12-170","10","2",43.69717,-76.19529499
"E12-171","8","36",41.97527,-75.19598002
"E12-172","6","20",41.57154,-74.48428896
"E12-173","3","45",40.23327,-77.280415
"E12-174","22","57",46.75552,-79.04650404
"E12-175","10","72",43.69717,-76.19529499
"E12-176","19","59",47.73136,-80.32791398
"E12-177","6","65",41.57154,-74.48428896
"E12-178","18","2",45.76868,-79.39777502
"E12-179","2","31",38.7966,-77.29988901
"E12-180","6","19",41.57154,-74.48428896
"E12-181","12","60",44.54749,-76.12868903
"E12-182","1","7",38.8235,-77.71118397
"E12-183","11","68",43.28958,-76.128568
"E12-184","16","48",44.75284,-79.33799797
"E12-185","22","73",46.75552,-79.04650404
"E12-186","16","59",44.75284,-79.33799797
"E12-187","12","75",44.54749,-76.12868903
"E12-188","17","59",45.02376,-79.31190301
"E12-189","10","30",43.69717,-76.19529499
"E12-190","19","6",47.73136,-80.32791398
"E12-191","14","20",44.29771,-78.300041
"E12-192","4","64",40.06813,-76.90717204
"E12-193","15","72",44.2915,-79.04909003
"E12-194","19","40",47.73136,-80.32791398
"E12-195","16","66",44.75284,-79.33799797
"E12-196","14","11",44.29771,-78.300041
"E12-197","1","17",38.8235,-77.71118397
"E12-198","15","23",44.2915,-79.04909003
"E12-199","11","60",43.28958,-76.128568
"E12-200","6","5",41.57154,-74.48428896
"E12-201","1","59",38.8235,-77.71118397
"E12-202","12","69",44.54749,-76.12868903
