"Block","Pos","rawWeight","ind","Weight"
"E1","1",30.07,"E1-1",1.02417
"E1","2",31.4,"E1-2",2.35417
"E1","3",34.66,"E1-3",5.61417
"E1","4",29.01,"E1-4",0
"E1","5",31.79,"E1-5",2.74417
"E1","6",37.46,"E1-6",8.41417
"E1","7",33.3,"E1-7",4.25417
"E1","8",31.39,"E1-8",2.34417
"E1","9",33.09,"E1-9",4.04417
"E1","10",31.21,"E1-10",2.16417
"E1","11",30.58,"E1-11",1.53417
"E1","12",31.86,"E1-12",2.81417
"E1","13",35.68,"E1-13",6.63417
"E1","14",28.6,"E1-14",0
"E1","15",30.61,"E1-15",1.56417
"E1","16",30.64,"E1-16",1.59417
"E1","17",28.16,"E1-17",0
"E1","18",37.93,"E1-18",8.88417
"E1","19",30.47,"E1-19",1.42417
"E1","20",30.72,"E1-20",1.67417
"E1","21",31.42,"E1-21",2.37417
"E1","22",29.63,"E1-22",0.58417
"E1","23",38.04,"E1-23",8.99417
"E1","24",31.81,"E1-24",2.76417
"E1","25",32.41,"E1-25",3.36417
"E1","26",33.3,"E1-26",4.25417
"E1","27",34.59,"E1-27",5.54417
"E1","28",38.84,"E1-28",9.79417
"E1","29",30.45,"E1-29",1.40417
"E1","30",31.8,"E1-30",2.75417
"E1","31",35.79,"E1-31",6.74417
"E1","32",33.2,"E1-32",4.15417
"E1","33",35.63,"E1-33",6.58417
"E1","34",31.72,"E1-34",2.67417
"E1","35",33.25,"E1-35",4.20417
"E1","36",42.77,"E1-36",13.72417
"E1","37",32.18,"E1-37",3.13417
"E1","38",33.26,"E1-38",4.21417
"E1","39",32.87,"E1-39",3.82417
"E1","40",40.09,"E1-40",11.04417
"E1","41",43.78,"E1-41",14.73417
"E1","42",31.16,"E1-42",2.11417
"E1","43",42.94,"E1-43",13.89417
"E1","44",30.48,"E1-44",1.43417
"E1","45",32.28,"E1-45",3.23417
"E1","46",36.31,"E1-46",7.26417
"E1","47",31.61,"E1-47",2.56417
"E1","48",32.94,"E1-48",3.89417
"E1","49",38.22,"E1-49",9.17417
"E1","50",31.05,"E1-50",2.00417
"E1","51",42.36,"E1-51",13.31417
"E1","52",30.02,"E1-52",0.974170000000001
"E1","53",30.65,"E1-53",1.60417
"E1","54",33.75,"E1-54",4.70417
"E1","55",35.59,"E1-55",6.54417
"E1","56",46.32,"E1-56",17.27417
"E1","57",28.56,"E1-57",0
"E1","58",44.63,"E1-58",15.58417
"E1","59",33.26,"E1-59",4.21417
"E1","60",37.01,"E1-60",7.96417
"E1","61",40.9,"E1-61",11.85417
"E1","62",32.19,"E1-62",3.14417
"E1","64",35.3,"E1-64",6.25417
"E1","65",34.6,"E1-65",5.55417
"E1","66",36.73,"E1-66",7.68417
"E1","67",31.42,"E1-67",2.37417
"E1","68",42.61,"E1-68",13.56417
"E1","69",37.31,"E1-69",8.26417
"E1","70",39.02,"E1-70",9.97417
"E1","71",31.33,"E1-71",2.28417
"E1","72",36.62,"E1-72",7.57417
"E1","73",34.19,"E1-73",5.14417
"E1","74",29.5,"E1-74",0.454170000000001
"E1","75",37.92,"E1-75",8.87417
"E1","76",40.82,"E1-76",11.77417
"E1","77",32.07,"E1-77",3.02417
"E1","78",37.48,"E1-78",8.43417
"E1","79",31.48,"E1-79",2.43417
"E1","80",30.85,"E1-80",1.80417
"E1","81",41.48,"E1-81",12.43417
"E1","82",32.43,"E1-82",3.38417
"E1","83",37.53,"E1-83",8.48417
"E1","84",32.42,"E1-84",3.37417
"E1","85",35.71,"E1-85",6.66417
"E1","86",33.69,"E1-86",4.64417
"E1","87",32.06,"E1-87",3.01417
"E1","88",44.61,"E1-88",15.56417
"E1","89",37.35,"E1-89",8.30417
"E1","90",36.11,"E1-90",7.06417
"E1","91",31.34,"E1-91",2.29417
"E1","92",31.94,"E1-92",2.89417
"E1","93",45.12,"E1-93",16.07417
"E1","94",37.96,"E1-94",8.91417
"E1","95",31.77,"E1-95",2.72417
"E1","96",27.93,"E1-96",0
"E1","97",40.16,"E1-97",11.11417
"E1","98",48.6,"E1-98",19.55417
"E1","99",36.95,"E1-99",7.90417
"E1","100",63.09,"E1-100",34.04417
"E1","101",83.12,"E1-101",54.07417
"E1","102",43.17,"E1-102",14.12417
"E1","103",60.97,"E1-103",31.92417
"E1","104",47.31,"E1-104",18.26417
"E1","105",41.13,"E1-105",12.08417
"E1","106",27.69,"E1-106",0
"E1","107",46.41,"E1-107",17.36417
"E1","108",39.13,"E1-108",10.08417
"E1","109",35.83,"E1-109",6.78417
"E1","110",38.77,"E1-110",9.72417
"E1","111",41.77,"E1-111",12.72417
"E1","112",39.88,"E1-112",10.83417
"E1","113",46.1,"E1-113",17.05417
"E1","114",28.93,"E1-114",0
"E1","115",35.89,"E1-115",6.84417
"E1","116",33.62,"E1-116",4.57417
"E1","117",33.59,"E1-117",4.54417
"E1","118",39.39,"E1-118",10.34417
"E1","119",30.07,"E1-119",1.02417
"E1","120",33.78,"E1-120",4.73417
"E1","121",32.17,"E1-121",3.12417
"E1","122",33.59,"E1-122",4.54417
"E1","123",40.02,"E1-123",10.97417
"E1","124",31.46,"E1-124",2.41417
"E1","125",33.02,"E1-125",3.97417
"E1","126",41.27,"E1-126",12.22417
"E1","127",31.41,"E1-127",2.36417
"E1","128",39.69,"E1-128",10.64417
"E1","129",31.79,"E1-129",2.74417
"E1","130",35.69,"E1-130",6.64417
"E1","131",32.47,"E1-131",3.42417
"E1","132",30.7,"E1-132",1.65417
"E1","133",30.88,"E1-133",1.83417
"E1","134",34.08,"E1-134",5.03417
"E1","135",34.02,"E1-135",4.97417
"E1","136",37.89,"E1-136",8.84417
"E1","137",29.87,"E1-137",0.824170000000002
"E1","138",38.88,"E1-138",9.83417
"E1","139",33.23,"E1-139",4.18417
"E1","140",41.54,"E1-140",12.49417
"E1","141",36.4,"E1-141",7.35417
"E1","142",36.96,"E1-142",7.91417
"E1","143",34.64,"E1-143",5.59417
"E1","144",39.82,"E1-144",10.77417
"E1","145",35.99,"E1-145",6.94417
"E1","146",32.5,"E1-146",3.45417
"E1","147",29.89,"E1-147",0.844170000000002
"E1","148",41.34,"E1-148",12.29417
"E1","149",35.01,"E1-149",5.96417
"E1","150",21.32,"E1-150",0
"E1","151",29.62,"E1-151",0.574170000000002
"E1","152",39.8,"E1-152",10.75417
"E1","153",40.57,"E1-153",11.52417
"E1","154",31.96,"E1-154",2.91417
"E1","155",38.93,"E1-155",9.88417
"E1","156",27.84,"E1-156",0
"E1","157",34.59,"E1-157",5.54417
"E1","158",42.81,"E1-158",13.76417
"E1","159",31.91,"E1-159",2.86417
"E1","160",31.2,"E1-160",2.15417
"E1","161",29.62,"E1-161",0.574170000000002
"E1","162",30.3,"E1-162",1.25417
"E1","163",35.4,"E1-163",6.35417
"E1","164",30.64,"E1-164",1.59417
"E1","165",32.7,"E1-165",3.65417
"E1","166",32.03,"E1-166",2.98417
"E1","167",29.97,"E1-167",0.92417
"E1","168",40.3,"E1-168",11.25417
"E1","169",31.28,"E1-169",2.23417
"E1","170",34.45,"E1-170",5.40417
"E1","171",28.24,"E1-171",0
"E1","172",35.39,"E1-172",6.34417
"E1","173",40.77,"E1-173",11.72417
"E1","174",28.77,"E1-174",0
"E1","175",31.9,"E1-175",2.85417
"E1","176",37.31,"E1-176",8.26417
"E1","177",36.22,"E1-177",7.17417
"E1","178",34.94,"E1-178",5.89417
"E1","179",29.74,"E1-179",0.69417
"E1","180",32.25,"E1-180",3.20417
"E1","181",29.45,"E1-181",0.404170000000001
"E1","182",29.52,"E1-182",0.474170000000001
"E1","183",38.61,"E1-183",9.56417
"E1","184",30.29,"E1-184",1.24417
"E1","185",34.68,"E1-185",5.63417
"E1","186",30.94,"E1-186",1.89417
"E1","187",31.17,"E1-187",2.12417
"E1","188",40.64,"E1-188",11.59417
"E1","189",30.09,"E1-189",1.04417
"E1","190",32.16,"E1-190",3.11417
"E1","191",30.1,"E1-191",1.05417
"E1","192",30.65,"E1-192",1.60417
"E1","193",42.44,"E1-193",13.39417
"E1","194",29.46,"E1-194",0.414170000000002
"E1","195",33.29,"E1-195",4.24417
"E1","196",35.41,"E1-196",6.36417
"E1","197",30.34,"E1-197",1.29417
"E1","198",43.76,"E1-198",14.71417
"E1","199",31.75,"E1-199",2.70417
"E1","200",46.29,"E1-200",17.24417
"E10","1",30.15,"E10-1",1.10417
"E10","2",35.8,"E10-2",6.75417
"E10","3",30.3,"E10-3",1.25417
"E10","4",31.64,"E10-4",2.59417
"E10","5",30.45,"E10-5",1.40417
"E10","6",36.68,"E10-6",7.63417
"E10","7",33.4,"E10-7",4.35417
"E10","8",28.32,"E10-8",0
"E10","9",30.42,"E10-9",1.37417
"E10","10",30.84,"E10-10",1.79417
"E10","11",33.74,"E10-11",4.69417
"E10","12",29.99,"E10-12",0.94417
"E10","13",31.71,"E10-13",2.66417
"E10","14",21.6,"E10-14",0
"E10","15",31.4,"E10-15",2.35417
"E10","16",29.9,"E10-16",0.85417
"E10","17",30.94,"E10-17",1.89417
"E10","18",33.67,"E10-18",4.62417
"E10","19",29.45,"E10-19",0.404170000000001
"E10","20",30.41,"E10-20",1.36417
"E10","21",46.46,"E10-21",17.41417
"E10","22",29.55,"E10-22",0.504170000000002
"E10","23",30.53,"E10-23",1.48417
"E10","24",30.5,"E10-24",1.45417
"E10","25",28.57,"E10-25",0
"E10","26",31.76,"E10-26",2.71417
"E10","27",32.11,"E10-27",3.06417
"E10","28",29.42,"E10-28",0.374170000000003
"E10","29",33.55,"E10-29",4.50417
"E10","30",32.18,"E10-30",3.13417
"E10","31",29.35,"E10-31",0.304170000000003
"E10","32",31.77,"E10-32",2.72417
"E10","33",31.68,"E10-33",2.63417
"E10","34",28.34,"E10-34",0
"E10","35",31.79,"E10-35",2.74417
"E10","36",33.54,"E10-36",4.49417
"E10","37",30.84,"E10-37",1.79417
"E10","38",33.52,"E10-38",4.47417
"E10","39",27.65,"E10-39",0
"E10","40",30.17,"E10-40",1.12417
"E10","41",37.6,"E10-41",8.55417
"E10","42",29.08,"E10-42",0.0341699999999996
"E10","43",33.18,"E10-43",4.13417
"E10","44",29.24,"E10-44",0.19417
"E10","45",30.98,"E10-45",1.93417
"E10","46",35.44,"E10-46",6.39417
"E10","47",29.14,"E10-47",0.0941700000000019
"E10","48",32.32,"E10-48",3.27417
"E10","49",29.2,"E10-49",0.154170000000001
"E10","50",36.68,"E10-50",7.63417
"E10","51",33.83,"E10-51",4.78417
"E10","52",33.39,"E10-52",4.34417
"E10","53",36.63,"E10-53",7.58417
"E10","54",33.35,"E10-54",4.30417
"E10","55",34.62,"E10-55",5.57417
"E10","56",34.45,"E10-56",5.40417
"E10","57",29.85,"E10-57",0.804170000000003
"E10","58",30.28,"E10-58",1.23417
"E10","59",30.02,"E10-59",0.974170000000001
"E10","60",32.7,"E10-60",3.65417
"E10","61",37.45,"E10-61",8.40417
"E10","62",30.97,"E10-62",1.92417
"E10","63",39.91,"E10-63",10.86417
"E10","64",29.29,"E10-64",0.24417
"E10","65",34.75,"E10-65",5.70417
"E10","66",34.87,"E10-66",5.82417
"E10","67",32.94,"E10-67",3.89417
"E10","68",31.77,"E10-68",2.72417
"E10","69",29.28,"E10-69",0.234170000000002
"E10","70",32.54,"E10-70",3.49417
"E10","71",40.45,"E10-71",11.40417
"E10","72",34.16,"E10-72",5.11417
"E10","73",33,"E10-73",3.95417
"E10","74",29.15,"E10-74",0.10417
"E10","75",37.51,"E10-75",8.46417
"E10","76",30.32,"E10-76",1.27417
"E10","77",30.87,"E10-77",1.82417
"E10","78",35.82,"E10-78",6.77417
"E10","79",35.77,"E10-79",6.72417
"E10","80",30.94,"E10-80",1.89417
"E10","81",37.5,"E10-81",8.45417
"E10","82",29.43,"E10-82",0.384170000000001
"E10","83",34.27,"E10-83",5.22417
"E10","84",32.56,"E10-84",3.51417
"E10","85",31.41,"E10-85",2.36417
"E10","86",37.69,"E10-86",8.64417
"E10","87",30.96,"E10-87",1.91417
"E10","88",31.66,"E10-88",2.61417
"E10","89",34.16,"E10-89",5.11417
"E10","90",30.88,"E10-90",1.83417
"E10","91",44,"E10-91",14.95417
"E10","92",32.09,"E10-92",3.04417
"E10","93",38.38,"E10-93",9.33417
"E10","94",37.48,"E10-94",8.43417
"E10","95",32.54,"E10-95",3.49417
"E10","96",48.79,"E10-96",19.74417
"E10","97",39.51,"E10-97",10.46417
"E10","98",38.07,"E10-98",9.02417
"E10","99",33.29,"E10-99",4.24417
"E10","100",35.88,"E10-100",6.83417
"E10","101",35.64,"E10-101",6.59417
"E10","102",52.59,"E10-102",23.54417
"E10","103",52.16,"E10-103",23.11417
"E10","104",34.34,"E10-104",5.29417
"E10","105",48.38,"E10-105",19.33417
"E10","106",29.45,"E10-106",0.404170000000001
"E10","107",36.09,"E10-107",7.04417
"E10","108",33.76,"E10-108",4.71417
"E10","109",32.77,"E10-109",3.72417
"E10","110",40.74,"E10-110",11.69417
"E10","111",28.94,"E10-111",0
"E10","112",39.63,"E10-112",10.58417
"E10","113",39.46,"E10-113",10.41417
"E10","114",32.42,"E10-114",3.37417
"E10","115",33.67,"E10-115",4.62417
"E10","116",30.35,"E10-116",1.30417
"E10","117",31.19,"E10-117",2.14417
"E10","118",44.06,"E10-118",15.01417
"E10","119",30.58,"E10-119",1.53417
"E10","120",30.92,"E10-120",1.87417
"E10","121",30,"E10-121",0.954170000000001
"E10","122",29.62,"E10-122",0.574170000000002
"E10","123",32.32,"E10-123",3.27417
"E10","124",29.72,"E10-124",0.67417
"E10","125",36.6,"E10-125",7.55417
"E10","126",29.67,"E10-126",0.624170000000003
"E10","127",34.04,"E10-127",4.99417
"E10","128",32.31,"E10-128",3.26417
"E10","129",30.08,"E10-129",1.03417
"E10","130",35.22,"E10-130",6.17417
"E10","131",29.82,"E10-131",0.774170000000002
"E10","132",35.64,"E10-132",6.59417
"E10","133",37.13,"E10-133",8.08417
"E10","134",33.84,"E10-134",4.79417
"E10","135",34.33,"E10-135",5.28417
"E10","136",31.86,"E10-136",2.81417
"E10","137",34.16,"E10-137",5.11417
"E10","138",42.69,"E10-138",13.64417
"E10","139",32.35,"E10-139",3.30417
"E10","140",30,"E10-140",0.954170000000001
"E10","141",29.57,"E10-141",0.524170000000002
"E10","142",31.06,"E10-142",2.01417
"E10","143",29.83,"E10-143",0.78417
"E10","144",30.61,"E10-144",1.56417
"E10","145",31.2,"E10-145",2.15417
"E10","146",39.43,"E10-146",10.38417
"E10","147",30.12,"E10-147",1.07417
"E10","148",37.97,"E10-148",8.92417
"E10","149",39.28,"E10-149",10.23417
"E10","150",35.21,"E10-150",6.16417
"E10","151",33.54,"E10-151",4.49417
"E10","152",29.6,"E10-152",0.554170000000003
"E10","153",30.84,"E10-153",1.79417
"E10","154",29.3,"E10-154",0.254170000000002
"E10","155",28.8,"E10-155",0
"E10","156",32.44,"E10-156",3.39417
"E10","157",29.93,"E10-157",0.884170000000001
"E10","158",39.72,"E10-158",10.67417
"E10","159",34.57,"E10-159",5.52417
"E10","160",31.72,"E10-160",2.67417
"E10","161",29.21,"E10-161",0.164170000000002
"E10","162",40.75,"E10-162",11.70417
"E10","163",29,"E10-163",0
"E10","164",31.62,"E10-164",2.57417
"E10","165",33.15,"E10-165",4.10417
"E10","166",34.48,"E10-166",5.43417
"E10","167",37.44,"E10-167",8.39417
"E10","168",35.76,"E10-168",6.71417
"E10","169",29.01,"E10-169",0
"E10","170",34.58,"E10-170",5.53417
"E10","171",32.5,"E10-171",3.45417
"E10","172",29.21,"E10-172",0.164170000000002
"E10","173",46.98,"E10-173",17.93417
"E10","174",31.43,"E10-174",2.38417
"E10","175",32.03,"E10-175",2.98417
"E10","176",34.73,"E10-176",5.68417
"E10","177",35.16,"E10-177",6.11417
"E10","178",29.93,"E10-178",0.884170000000001
"E10","179",31.33,"E10-179",2.28417
"E10","180",29.54,"E10-180",0.49417
"E10","181",35.27,"E10-181",6.22417
"E10","182",30.84,"E10-182",1.79417
"E10","183",37.92,"E10-183",8.87417
"E10","184",35.22,"E10-184",6.17417
"E10","185",37.49,"E10-185",8.44417
"E10","186",33.37,"E10-186",4.32417
"E10","187",30.65,"E10-187",1.60417
"E10","188",34.44,"E10-188",5.39417
"E10","189",37.05,"E10-189",8.00417
"E10","190",34.23,"E10-190",5.18417
"E10","191",32.66,"E10-191",3.61417
"E10","192",28.45,"E10-192",0
"E10","193",31.66,"E10-193",2.61417
"E10","194",31.46,"E10-194",2.41417
"E10","195",30.72,"E10-195",1.67417
"E10","196",33.65,"E10-196",4.60417
"E10","197",30.02,"E10-197",0.974170000000001
"E10","198",44.68,"E10-198",15.63417
"E10","199",30.86,"E10-199",1.81417
"E10","200",33.17,"E10-200",4.12417
"E10","201",33.54,"E10-201",4.49417
"E11","1",36.12,"E11-1",7.07417
"E11","2",37.59,"E11-2",8.54417
"E11","3",29.45,"E11-3",0.404170000000001
"E11","4",34.47,"E11-4",5.42417
"E11","5",37.15,"E11-5",8.10417
"E11","6",36.37,"E11-6",7.32417
"E11","7",30,"E11-7",0.954170000000001
"E11","8",30.79,"E11-8",1.74417
"E11","9",32.85,"E11-9",3.80417
"E11","10",30.15,"E11-10",1.10417
"E11","11",31.31,"E11-11",2.26417
"E11","12",33.19,"E11-12",4.14417
"E11","13",30.55,"E11-13",1.50417
"E11","14",29.71,"E11-14",0.664170000000002
"E11","15",29.18,"E11-15",0.134170000000001
"E11","16",32.24,"E11-16",3.19417
"E11","17",28,"E11-17",0
"E11","18",30.17,"E11-18",1.12417
"E11","19",32.2,"E11-19",3.15417
"E11","20",28.73,"E11-20",0
"E11","21",33.49,"E11-21",4.44417
"E11","22",30.57,"E11-22",1.52417
"E11","23",30.72,"E11-23",1.67417
"E11","24",30.55,"E11-24",1.50417
"E11","25",29.73,"E11-25",0.684170000000002
"E11","26",40.92,"E11-26",11.87417
"E11","27",29.9,"E11-27",0.85417
"E11","28",31.37,"E11-28",2.32417
"E11","29",32.19,"E11-29",3.14417
"E11","30",31.7,"E11-30",2.65417
"E11","31",30.35,"E11-31",1.30417
"E11","32",35.56,"E11-32",6.51417
"E11","33",31.91,"E11-33",2.86417
"E11","34",34.97,"E11-34",5.92417
"E11","35",29.46,"E11-35",0.414170000000002
"E11","36",34.59,"E11-36",5.54417
"E11","37",31.71,"E11-37",2.66417
"E11","38",28.46,"E11-38",0
"E11","39",34.1,"E11-39",5.05417
"E11","40",30.21,"E11-40",1.16417
"E11","41",36.52,"E11-41",7.47417
"E11","42",34.8,"E11-42",5.75417
"E11","43",29.43,"E11-43",0.384170000000001
"E11","44",30.65,"E11-44",1.60417
"E11","45",29.59,"E11-45",0.544170000000001
"E11","46",42.47,"E11-46",13.42417
"E11","47",30.12,"E11-47",1.07417
"E11","48",31.23,"E11-48",2.18417
"E11","49",30.74,"E11-49",1.69417
"E11","50",30.04,"E11-50",0.99417
"E11","51",31.16,"E11-51",2.11417
"E11","52",35.27,"E11-52",6.22417
"E11","53",40.02,"E11-53",10.97417
"E11","54",35.12,"E11-54",6.07417
"E11","55",33.1,"E11-55",4.05417
"E11","56",30.77,"E11-56",1.72417
"E11","57",33.32,"E11-57",4.27417
"E11","58",35.15,"E11-58",6.10417
"E11","59",30.45,"E11-59",1.40417
"E11","60",29.91,"E11-60",0.864170000000001
"E11","61",31.59,"E11-61",2.54417
"E11","62",31.46,"E11-62",2.41417
"E11","63",49.08,"E11-63",20.03417
"E11","64",33.71,"E11-64",4.66417
"E11","65",33.39,"E11-65",4.34417
"E11","66",34.59,"E11-66",5.54417
"E11","67",31.49,"E11-67",2.44417
"E11","68",32.39,"E11-68",3.34417
"E11","70",28.42,"E11-70",0
"E11","71",30.25,"E11-71",1.20417
"E11","72",30.63,"E11-72",1.58417
"E11","73",30.68,"E11-73",1.63417
"E11","74",30.1,"E11-74",1.05417
"E11","75",30.52,"E11-75",1.47417
"E11","76",40.02,"E11-76",10.97417
"E11","77",29.73,"E11-77",0.684170000000002
"E11","78",36.61,"E11-78",7.56417
"E11","79",33.15,"E11-79",4.10417
"E11","80",30.72,"E11-80",1.67417
"E11","81",31.81,"E11-81",2.76417
"E11","82",30.52,"E11-82",1.47417
"E11","83",35.6,"E11-83",6.55417
"E11","84",29.86,"E11-84",0.814170000000001
"E11","85",32.04,"E11-85",2.99417
"E11","86",30.68,"E11-86",1.63417
"E11","87",30.81,"E11-87",1.76417
"E11","88",34.39,"E11-88",5.34417
"E11","89",33.72,"E11-89",4.67417
"E11","90",32.42,"E11-90",3.37417
"E11","91",31.65,"E11-91",2.60417
"E11","92",32.77,"E11-92",3.72417
"E11","93",33.19,"E11-93",4.14417
"E11","94",35.8,"E11-94",6.75417
"E11","95",37.5,"E11-95",8.45417
"E11","96",30.84,"E11-96",1.79417
"E11","97",36.65,"E11-97",7.60417
"E11","98",39.47,"E11-98",10.42417
"E11","99",29.9,"E11-99",0.85417
"E11","100",48.78,"E11-100",19.73417
"E11","101",42.09,"E11-101",13.04417
"E11","102",47.99,"E11-102",18.94417
"E11","103",30.95,"E11-103",1.90417
"E11","104",36.19,"E11-104",7.14417
"E11","105",29.23,"E11-105",0.184170000000002
"E11","106",32.62,"E11-106",3.57417
"E11","107",35.43,"E11-107",6.38417
"E11","108",30.41,"E11-108",1.36417
"E11","109",30.14,"E11-109",1.09417
"E11","110",29.58,"E11-110",0.53417
"E11","111",30.01,"E11-111",0.964170000000003
"E11","112",30.3,"E11-112",1.25417
"E11","113",32.4,"E11-113",3.35417
"E11","114",30.44,"E11-114",1.39417
"E11","115",37.65,"E11-115",8.60417
"E11","116",30.6,"E11-116",1.55417
"E11","117",32.74,"E11-117",3.69417
"E11","118",30.92,"E11-118",1.87417
"E11","119",32.14,"E11-119",3.09417
"E11","120",30.39,"E11-120",1.34417
"E11","121",28.4,"E11-121",0
"E11","122",30.61,"E11-122",1.56417
"E11","123",30.15,"E11-123",1.10417
"E11","124",28.69,"E11-124",0
"E11","125",31.89,"E11-125",2.84417
"E11","126",32.36,"E11-126",3.31417
"E11","127",31.14,"E11-127",2.09417
"E11","128",31.5,"E11-128",2.45417
"E11","129",29.42,"E11-129",0.374170000000003
"E11","130",36.51,"E11-130",7.46417
"E11","131",34.34,"E11-131",5.29417
"E11","132",29.69,"E11-132",0.644170000000003
"E11","133",29.67,"E11-133",0.624170000000003
"E11","134",29.56,"E11-134",0.51417
"E11","135",32.19,"E11-135",3.14417
"E11","136",32.07,"E11-136",3.02417
"E11","137",32.65,"E11-137",3.60417
"E11","138",29.42,"E11-138",0.374170000000003
"E11","139",31.98,"E11-139",2.93417
"E11","140",33.32,"E11-140",4.27417
"E11","141",32.62,"E11-141",3.57417
"E11","142",29.6,"E11-142",0.554170000000003
"E11","143",30.6,"E11-143",1.55417
"E11","144",30.42,"E11-144",1.37417
"E11","145",31.21,"E11-145",2.16417
"E11","146",29.9,"E11-146",0.85417
"E11","147",29.1,"E11-147",0.0541700000000027
"E11","148",31.31,"E11-148",2.26417
"E11","149",31.28,"E11-149",2.23417
"E11","150",29.82,"E11-150",0.774170000000002
"E11","151",31.97,"E11-151",2.92417
"E11","152",29.24,"E11-152",0.19417
"E11","153",31.58,"E11-153",2.53417
"E11","154",31.42,"E11-154",2.37417
"E11","155",28.06,"E11-155",0
"E11","156",31.36,"E11-156",2.31417
"E11","157",30.54,"E11-157",1.49417
"E11","158",30.02,"E11-158",0.974170000000001
"E11","159",35.35,"E11-159",6.30417
"E11","160",33.91,"E11-160",4.86417
"E11","161",36.63,"E11-161",7.58417
"E11","162",34.35,"E11-162",5.30417
"E11","163",36.79,"E11-163",7.74417
"E11","164",29.88,"E11-164",0.83417
"E11","165",30.04,"E11-165",0.99417
"E11","166",34.14,"E11-166",5.09417
"E11","167",30.6,"E11-167",1.55417
"E11","168",34.47,"E11-168",5.42417
"E11","169",29.01,"E11-169",0
"E11","170",32.52,"E11-170",3.47417
"E11","171",33.85,"E11-171",4.80417
"E11","172",28.67,"E11-172",0
"E11","173",33.87,"E11-173",4.82417
"E11","174",29.73,"E11-174",0.684170000000002
"E11","175",40.06,"E11-175",11.01417
"E11","176",35.19,"E11-176",6.14417
"E11","177",34.69,"E11-177",5.64417
"E11","178",38.14,"E11-178",9.09417
"E11","179",32.72,"E11-179",3.67417
"E11","180",28.89,"E11-180",0
"E11","181",32.64,"E11-181",3.59417
"E11","182",34.2,"E11-182",5.15417
"E11","183",34.3,"E11-183",5.25417
"E11","184",37.31,"E11-184",8.26417
"E11","185",30.68,"E11-185",1.63417
"E11","186",29.07,"E11-186",0.0241700000000016
"E11","187",32.81,"E11-187",3.76417
"E11","188",38.81,"E11-188",9.76417
"E11","189",30.81,"E11-189",1.76417
"E11","190",31.55,"E11-190",2.50417
"E11","191",38.2,"E11-191",9.15417
"E11","192",32.04,"E11-192",2.99417
"E11","193",39.32,"E11-193",10.27417
"E11","194",33.32,"E11-194",4.27417
"E11","195",34.75,"E11-195",5.70417
"E11","196",44.79,"E11-196",15.74417
"E11","197",31.18,"E11-197",2.13417
"E11","198",48.09,"E11-198",19.04417
"E11","199",33.59,"E11-199",4.54417
"E11","200",46.02,"E11-200",16.97417
"E11","201",35.15,"E11-201",6.10417
"E12","1",42.92,"E12-1",13.87417
"E12","2",32.47,"E12-2",3.42417
"E12","3",38.56,"E12-3",9.51417
"E12","4",41.82,"E12-4",12.77417
"E12","5",30.05,"E12-5",1.00417
"E12","6",36.48,"E12-6",7.43417
"E12","7",31.6,"E12-7",2.55417
"E12","8",34.88,"E12-8",5.83417
"E12","9",32.61,"E12-9",3.56417
"E12","10",28.64,"E12-10",0
"E12","11",30.64,"E12-11",1.59417
"E12","12",31.62,"E12-12",2.57417
"E12","13",29.23,"E12-13",0.184170000000002
"E12","14",31.02,"E12-14",1.97417
"E12","15",31.92,"E12-15",2.87417
"E12","16",42.06,"E12-16",13.01417
"E12","17",30.78,"E12-17",1.73417
"E12","18",34.98,"E12-18",5.93417
"E12","19",24.8,"E12-19",0
"E12","20",32.8,"E12-20",3.75417
"E12","21",38.9,"E12-21",9.85417
"E12","22",32.33,"E12-22",3.28417
"E12","23",31.08,"E12-23",2.03417
"E12","24",33.78,"E12-24",4.73417
"E12","25",32.1,"E12-25",3.05417
"E12","26",34.71,"E12-26",5.66417
"E12","27",32.89,"E12-27",3.84417
"E12","28",28.75,"E12-28",0
"E12","29",24.33,"E12-29",0
"E12","30",37.1,"E12-30",8.05417
"E12","31",37,"E12-31",7.95417
"E12","32",33.61,"E12-32",4.56417
"E12","33",29.92,"E12-33",0.874170000000003
"E12","34",35.35,"E12-34",6.30417
"E12","35",30.78,"E12-35",1.73417
"E12","36",38.31,"E12-36",9.26417
"E12","37",32.27,"E12-37",3.22417
"E12","38",30.93,"E12-38",1.88417
"E12","39",34.91,"E12-39",5.86417
"E12","40",33.13,"E12-40",4.08417
"E12","41",29.98,"E12-41",0.934170000000002
"E12","42",40.2,"E12-42",11.15417
"E12","43",36.94,"E12-43",7.89417
"E12","44",68.35,"E12-44",39.30417
"E12","46",35.51,"E12-46",6.46417
"E12","47",35.21,"E12-47",6.16417
"E12","48",32,"E12-48",2.95417
"E12","49",35.7,"E12-49",6.65417
"E12","50",30.98,"E12-50",1.93417
"E12","51",26.7,"E12-51",0
"E12","52",25.84,"E12-52",0
"E12","53",30.56,"E12-53",1.51417
"E12","54",30.3,"E12-54",1.25417
"E12","55",34.47,"E12-55",5.42417
"E12","56",47,"E12-56",17.95417
"E12","57",32.6,"E12-57",3.55417
"E12","58",30.99,"E12-58",1.94417
"E12","59",31.75,"E12-59",2.70417
"E12","60",33.11,"E12-60",4.06417
"E12","61",40.79,"E12-61",11.74417
"E12","62",30.5,"E12-62",1.45417
"E12","63",31.75,"E12-63",2.70417
"E12","64",36.5,"E12-64",7.45417
"E12","65",31.98,"E12-65",2.93417
"E12","66",41.26,"E12-66",12.21417
"E12","67",32.97,"E12-67",3.92417
"E12","68",29.33,"E12-68",0.28417
"E12","69",32.83,"E12-69",3.78417
"E12","70",32.58,"E12-70",3.53417
"E12","71",50.93,"E12-71",21.88417
"E12","72",37.84,"E12-72",8.79417
"E12","73",32.62,"E12-73",3.57417
"E12","74",31.04,"E12-74",1.99417
"E12","75",36.4,"E12-75",7.35417
"E12","76",43.64,"E12-76",14.59417
"E12","77",33.86,"E12-77",4.81417
"E12","78",35.18,"E12-78",6.13417
"E12","79",42.66,"E12-79",13.61417
"E12","80",35.8,"E12-80",6.75417
"E12","81",49.09,"E12-81",20.04417
"E12","82",30.49,"E12-82",1.44417
"E12","83",32.14,"E12-83",3.09417
"E12","84",30.19,"E12-84",1.14417
"E12","85",31.89,"E12-85",2.84417
"E12","86",45.63,"E12-86",16.58417
"E12","87",33.96,"E12-87",4.91417
"E12","88",36.23,"E12-88",7.18417
"E12","89",33.83,"E12-89",4.78417
"E12","90",36.6,"E12-90",7.55417
"E12","91",33.07,"E12-91",4.02417
"E12","92",37.71,"E12-92",8.66417
"E12","93",35.56,"E12-93",6.51417
"E12","94",30.89,"E12-94",1.84417
"E12","95",35.23,"E12-95",6.18417
"E12","96",54.18,"E12-96",25.13417
"E12","97",34.36,"E12-97",5.31417
"E12","98",35.7,"E12-98",6.65417
"E12","99",74.58,"E12-99",45.53417
"E12","100",45.45,"E12-100",16.40417
"E12","101",45.7,"E12-101",16.65417
"E12","102",42.01,"E12-102",12.96417
"E12","103",36.88,"E12-103",7.83417
"E12","104",38.44,"E12-104",9.39417
"E12","105",51.68,"E12-105",22.63417
"E12","106",39.75,"E12-106",10.70417
"E12","107",35.7,"E12-107",6.65417
"E12","108",33.03,"E12-108",3.98417
"E12","109",39.87,"E12-109",10.82417
"E12","110",35.44,"E12-110",6.39417
"E12","111",39.82,"E12-111",10.77417
"E12","112",38.82,"E12-112",9.77417
"E12","113",33.14,"E12-113",4.09417
"E12","114",34.74,"E12-114",5.69417
"E12","115",39.4,"E12-115",10.35417
"E12","116",32.43,"E12-116",3.38417
"E12","117",32.17,"E12-117",3.12417
"E12","118",37.55,"E12-118",8.50417
"E12","119",36.68,"E12-119",7.63417
"E12","120",38.43,"E12-120",9.38417
"E12","121",40.81,"E12-121",11.76417
"E12","122",32.4,"E12-122",3.35417
"E12","123",43.42,"E12-123",14.37417
"E12","124",35.56,"E12-124",6.51417
"E12","125",30.65,"E12-125",1.60417
"E12","126",32.49,"E12-126",3.44417
"E12","127",32.55,"E12-127",3.50417
"E12","128",36.8,"E12-128",7.75417
"E12","129",30.76,"E12-129",1.71417
"E12","130",33.31,"E12-130",4.26417
"E12","131",30.71,"E12-131",1.66417
"E12","132",30.52,"E12-132",1.47417
"E12","133",33.71,"E12-133",4.66417
"E12","134",29.8,"E12-134",0.754170000000002
"E12","135",28.71,"E12-135",0
"E12","136",30.81,"E12-136",1.76417
"E12","137",30.52,"E12-137",1.47417
"E12","138",31.88,"E12-138",2.83417
"E12","139",34.35,"E12-139",5.30417
"E12","140",30.59,"E12-140",1.54417
"E12","141",32.72,"E12-141",3.67417
"E12","142",32.15,"E12-142",3.10417
"E12","143",30.79,"E12-143",1.74417
"E12","144",30.32,"E12-144",1.27417
"E12","145",32.17,"E12-145",3.12417
"E12","146",37.34,"E12-146",8.29417
"E12","147",28.64,"E12-147",0
"E12","148",37.77,"E12-148",8.72417
"E12","149",34.88,"E12-149",5.83417
"E12","150",35.88,"E12-150",6.83417
"E12","151",31.01,"E12-151",1.96417
"E12","152",29.43,"E12-152",0.384170000000001
"E12","153",37.18,"E12-153",8.13417
"E12","154",29.34,"E12-154",0.294170000000001
"E12","155",29.53,"E12-155",0.484170000000002
"E12","156",34.2,"E12-156",5.15417
"E12","157",27.93,"E12-157",0
"E12","158",33.31,"E12-158",4.26417
"E12","159",30.42,"E12-159",1.37417
"E12","160",30.67,"E12-160",1.62417
"E12","161",35.25,"E12-161",6.20417
"E12","162",29.4,"E12-162",0.35417
"E12","163",30,"E12-163",0.954170000000001
"E12","164",31.24,"E12-164",2.19417
"E12","165",35.24,"E12-165",6.19417
"E12","166",38.42,"E12-166",9.37417
"E12","167",31.35,"E12-167",2.30417
"E12","168",34.76,"E12-168",5.71417
"E12","169",29.34,"E12-169",0.294170000000001
"E12","170",31.99,"E12-170",2.94417
"E12","171",32.28,"E12-171",3.23417
"E12","172",31.62,"E12-172",2.57417
"E12","173",32.79,"E12-173",3.74417
"E12","174",29.99,"E12-174",0.94417
"E12","175",34.37,"E12-175",5.32417
"E12","176",34.31,"E12-176",5.26417
"E12","177",30.92,"E12-177",1.87417
"E12","178",30.34,"E12-178",1.29417
"E12","179",29.34,"E12-179",0.294170000000001
"E12","180",32.7,"E12-180",3.65417
"E12","181",32.99,"E12-181",3.94417
"E12","182",30.62,"E12-182",1.57417
"E12","183",36.58,"E12-183",7.53417
"E12","184",32.99,"E12-184",3.94417
"E12","185",33.84,"E12-185",4.79417
"E12","186",30.27,"E12-186",1.22417
"E12","187",30.95,"E12-187",1.90417
"E12","188",32.1,"E12-188",3.05417
"E12","189",28.9,"E12-189",0
"E12","190",33.81,"E12-190",4.76417
"E12","191",41.75,"E12-191",12.70417
"E12","192",30.2,"E12-192",1.15417
"E12","193",35.2,"E12-193",6.15417
"E12","194",31.92,"E12-194",2.87417
"E12","195",30.12,"E12-195",1.07417
"E12","196",34.49,"E12-196",5.44417
"E12","197",29.71,"E12-197",0.664170000000002
"E12","198",34.45,"E12-198",5.40417
"E12","199",34.73,"E12-199",5.68417
"E12","200",35.06,"E12-200",6.01417
"E12","201",29.25,"E12-201",0.204170000000001
"E12","202",34.98,"E12-202",5.93417
"E2","1",31.65,"E2-1",2.60417
"E2","2",28.6,"E2-2",0
"E2","3",34.96,"E2-3",5.91417
"E2","4",29.79,"E2-4",0.74417
"E2","5",28.75,"E2-5",0
"E2","6",32.66,"E2-6",3.61417
"E2","7",28.34,"E2-7",0
"E2","8",28.58,"E2-8",0
"E2","9",34.52,"E2-9",5.47417
"E2","10",28.88,"E2-10",0
"E2","11",30.3,"E2-11",1.25417
"E2","12",30.3,"E2-12",1.25417
"E2","13",32.36,"E2-13",3.31417
"E2","14",30.76,"E2-14",1.71417
"E2","15",29.57,"E2-15",0.524170000000002
"E2","16",31.12,"E2-16",2.07417
"E2","17",34.84,"E2-17",5.79417
"E2","18",30.48,"E2-18",1.43417
"E2","19",29.25,"E2-19",0.204170000000001
"E2","20",29.94,"E2-20",0.894170000000003
"E2","21",30.88,"E2-21",1.83417
"E2","22",31.85,"E2-22",2.80417
"E2","23",28.77,"E2-23",0
"E2","24",35.2,"E2-24",6.15417
"E2","25",32.31,"E2-25",3.26417
"E2","26",33.75,"E2-26",4.70417
"E2","27",32.32,"E2-27",3.27417
"E2","28",29.79,"E2-28",0.74417
"E2","29",35.93,"E2-29",6.88417
"E2","30",27.79,"E2-30",0
"E2","31",33.15,"E2-31",4.10417
"E2","32",31.38,"E2-32",2.33417
"E2","33",27.98,"E2-33",0
"E2","34",39.88,"E2-34",10.83417
"E2","35",28.73,"E2-35",0
"E2","36",30.25,"E2-36",1.20417
"E2","37",29.2,"E2-37",0.154170000000001
"E2","38",29.5,"E2-38",0.454170000000001
"E2","39",36.72,"E2-39",7.67417
"E2","40",27.83,"E2-40",0
"E2","41",35.96,"E2-41",6.91417
"E2","42",32.2,"E2-42",3.15417
"E2","43",30.73,"E2-43",1.68417
"E2","44",29.76,"E2-44",0.714170000000003
"E2","45",30.44,"E2-45",1.39417
"E2","46",32.32,"E2-46",3.27417
"E2","47",29.53,"E2-47",0.484170000000002
"E2","48",29.79,"E2-48",0.74417
"E2","49",30.37,"E2-49",1.32417
"E2","50",29.98,"E2-50",0.934170000000002
"E2","51",36.44,"E2-51",7.39417
"E2","52",30.78,"E2-52",1.73417
"E2","53",29.34,"E2-53",0.294170000000001
"E2","54",37.06,"E2-54",8.01417
"E2","55",30.09,"E2-55",1.04417
"E2","56",32.61,"E2-56",3.56417
"E2","57",31.65,"E2-57",2.60417
"E2","58",30.13,"E2-58",1.08417
"E2","59",31.33,"E2-59",2.28417
"E2","60",30.35,"E2-60",1.30417
"E2","61",28.8,"E2-61",0
"E2","62",31.94,"E2-62",2.89417
"E2","63",30.17,"E2-63",1.12417
"E2","64",29.5,"E2-64",0.454170000000001
"E2","65",29.76,"E2-65",0.714170000000003
"E2","67",30.12,"E2-67",1.07417
"E2","68",33.56,"E2-68",4.51417
"E2","69",30.7,"E2-69",1.65417
"E2","70",31.81,"E2-70",2.76417
"E2","71",32.01,"E2-71",2.96417
"E2","72",32.67,"E2-72",3.62417
"E2","73",41.28,"E2-73",12.23417
"E2","74",30.01,"E2-74",0.964170000000003
"E2","75",36.77,"E2-75",7.72417
"E2","76",32.34,"E2-76",3.29417
"E2","77",29.07,"E2-77",0.0241700000000016
"E2","78",33.61,"E2-78",4.56417
"E2","79",38.91,"E2-79",9.86417
"E2","80",30.12,"E2-80",1.07417
"E2","81",39.51,"E2-81",10.46417
"E2","82",37.2,"E2-82",8.15417
"E2","83",30.71,"E2-83",1.66417
"E2","84",32.41,"E2-84",3.36417
"E2","85",29.8,"E2-85",0.754170000000002
"E2","86",32.78,"E2-86",3.73417
"E2","87",37.99,"E2-87",8.94417
"E2","88",29.91,"E2-88",0.864170000000001
"E2","89",30.93,"E2-89",1.88417
"E2","90",34.71,"E2-90",5.66417
"E2","91",41.93,"E2-91",12.88417
"E2","92",46.32,"E2-92",17.27417
"E2","93",37.45,"E2-93",8.40417
"E2","94",30.15,"E2-94",1.10417
"E2","95",34.53,"E2-95",5.48417
"E2","97",42.06,"E2-97",13.01417
"E2","98",67.18,"E2-98",38.13417
"E2","99",60.38,"E2-99",31.33417
"E2","100",62.73,"E2-100",33.68417
"E2","103",96.1,"E2-103",67.05417
"E2","108",56.58,"E2-108",27.53417
"E2","109",62.26,"E2-109",33.21417
"E2","111",37.54,"E2-111",8.49417
"E2","112",32.53,"E2-112",3.48417
"E2","113",43.11,"E2-113",14.06417
"E2","114",36.09,"E2-114",7.04417
"E2","115",30.59,"E2-115",1.54417
"E2","116",62.96,"E2-116",33.91417
"E2","117",34.31,"E2-117",5.26417
"E2","118",30.24,"E2-118",1.19417
"E2","119",28.27,"E2-119",0
"E2","120",36.13,"E2-120",7.08417
"E2","121",39.28,"E2-121",10.23417
"E2","122",30.07,"E2-122",1.02417
"E2","123",49.17,"E2-123",20.12417
"E2","124",38.12,"E2-124",9.07417
"E2","125",36.73,"E2-125",7.68417
"E2","126",36.93,"E2-126",7.88417
"E2","127",30.96,"E2-127",1.91417
"E2","128",43.78,"E2-128",14.73417
"E2","129",30.83,"E2-129",1.78417
"E2","130",33.18,"E2-130",4.13417
"E2","131",32.96,"E2-131",3.91417
"E2","132",29.95,"E2-132",0.904170000000001
"E2","133",29.2,"E2-133",0.154170000000001
"E2","134",31.49,"E2-134",2.44417
"E2","135",32.6,"E2-135",3.55417
"E2","136",33.64,"E2-136",4.59417
"E2","137",31.79,"E2-137",2.74417
"E2","138",37.88,"E2-138",8.83417
"E2","139",29.55,"E2-139",0.504170000000002
"E2","140",33.02,"E2-140",3.97417
"E2","141",35.57,"E2-141",6.52417
"E2","142",29.16,"E2-142",0.114170000000001
"E2","143",31.05,"E2-143",2.00417
"E2","144",34.27,"E2-144",5.22417
"E2","145",40.85,"E2-145",11.80417
"E2","146",34.73,"E2-146",5.68417
"E2","147",29.03,"E2-147",0
"E2","148",32.11,"E2-148",3.06417
"E2","149",34.53,"E2-149",5.48417
"E2","150",28.03,"E2-150",0
"E2","151",28.75,"E2-151",0
"E2","152",33.9,"E2-152",4.85417
"E2","153",30.59,"E2-153",1.54417
"E2","154",30.63,"E2-154",1.58417
"E2","155",36.71,"E2-155",7.66417
"E2","156",29.56,"E2-156",0.51417
"E2","157",30.55,"E2-157",1.50417
"E2","158",29.39,"E2-158",0.344170000000002
"E2","159",30.08,"E2-159",1.03417
"E2","160",34.03,"E2-160",4.98417
"E2","161",28.65,"E2-161",0
"E2","162",30.59,"E2-162",1.54417
"E2","163",30.02,"E2-163",0.974170000000001
"E2","164",29.41,"E2-164",0.364170000000001
"E2","165",31.94,"E2-165",2.89417
"E2","166",29.58,"E2-166",0.53417
"E2","167",31.44,"E2-167",2.39417
"E2","168",36.3,"E2-168",7.25417
"E2","169",30.77,"E2-169",1.72417
"E2","170",30.79,"E2-170",1.74417
"E2","171",29.1,"E2-171",0.0541700000000027
"E2","172",31.97,"E2-172",2.92417
"E2","173",35.95,"E2-173",6.90417
"E2","174",30.15,"E2-174",1.10417
"E2","175",30.99,"E2-175",1.94417
"E2","176",31.09,"E2-176",2.04417
"E2","177",31.9,"E2-177",2.85417
"E2","178",33.47,"E2-178",4.42417
"E2","179",30.35,"E2-179",1.30417
"E2","180",33.34,"E2-180",4.29417
"E2","181",28.77,"E2-181",0
"E2","182",32.12,"E2-182",3.07417
"E2","183",28.55,"E2-183",0
"E2","184",31.11,"E2-184",2.06417
"E2","185",30.57,"E2-185",1.52417
"E2","186",28.13,"E2-186",0
"E2","188",30.45,"E2-188",1.40417
"E2","189",30.08,"E2-189",1.03417
"E2","190",30.4,"E2-190",1.35417
"E2","191",28.26,"E2-191",0
"E2","192",30.87,"E2-192",1.82417
"E2","193",31.06,"E2-193",2.01417
"E2","194",29.84,"E2-194",0.794170000000001
"E2","195",31.03,"E2-195",1.98417
"E2","196",28.92,"E2-196",0
"E2","197",30.97,"E2-197",1.92417
"E2","198",28.73,"E2-198",0
"E2","199",30.57,"E2-199",1.52417
"E2","200",32.68,"E2-200",3.63417
"E2","201",29.76,"E2-201",0.714170000000003
"E2","202",30.7,"E2-202",1.65417
"E2","203",27.86,"E2-203",0
"E2","204",30.36,"E2-204",1.31417
"E2","205",37.12,"E2-205",8.07417
"E3","1",43.71,"E3-1",14.66417
"E3","2",35.31,"E3-2",6.26417
"E3","3",42.52,"E3-3",13.47417
"E3","4",30.2,"E3-4",1.15417
"E3","5",29.55,"E3-5",0.504170000000002
"E3","6",31.71,"E3-6",2.66417
"E3","7",31.01,"E3-7",1.96417
"E3","8",34.52,"E3-8",5.47417
"E3","9",31.55,"E3-9",2.50417
"E3","10",29.97,"E3-10",0.92417
"E3","11",30,"E3-11",0.954170000000001
"E3","12",34.8,"E3-12",5.75417
"E3","13",34.1,"E3-13",5.05417
"E3","14",32.22,"E3-14",3.17417
"E3","15",29.4,"E3-15",0.35417
"E3","16",34.58,"E3-16",5.53417
"E3","17",27.54,"E3-17",0
"E3","18",31.13,"E3-18",2.08417
"E3","19",31.96,"E3-19",2.91417
"E3","20",28.46,"E3-20",0
"E3","21",31.37,"E3-21",2.32417
"E3","22",30.56,"E3-22",1.51417
"E3","23",32.87,"E3-23",3.82417
"E3","24",30.09,"E3-24",1.04417
"E3","25",29.33,"E3-25",0.28417
"E3","26",30.59,"E3-26",1.54417
"E3","27",34.23,"E3-27",5.18417
"E3","28",30.91,"E3-28",1.86417
"E3","29",32.48,"E3-29",3.43417
"E3","30",30.14,"E3-30",1.09417
"E3","31",38.94,"E3-31",9.89417
"E3","32",33.41,"E3-32",4.36417
"E3","33",42.77,"E3-33",13.72417
"E3","34",30.25,"E3-34",1.20417
"E3","35",30.81,"E3-35",1.76417
"E3","36",31.06,"E3-36",2.01417
"E3","37",29.91,"E3-37",0.864170000000001
"E3","38",30.04,"E3-38",0.99417
"E3","39",30.09,"E3-39",1.04417
"E3","40",35.41,"E3-40",6.36417
"E3","41",29.46,"E3-41",0.414170000000002
"E3","42",31.68,"E3-42",2.63417
"E3","43",29.94,"E3-43",0.894170000000003
"E3","44",32.09,"E3-44",3.04417
"E3","45",34.98,"E3-45",5.93417
"E3","46",31.28,"E3-46",2.23417
"E3","47",33.12,"E3-47",4.07417
"E3","48",39.41,"E3-48",10.36417
"E3","49",31.24,"E3-49",2.19417
"E3","50",33.11,"E3-50",4.06417
"E3","51",31.23,"E3-51",2.18417
"E3","52",32.09,"E3-52",3.04417
"E3","53",37.02,"E3-53",7.97417
"E3","54",32.5,"E3-54",3.45417
"E3","55",37.46,"E3-55",8.41417
"E3","56",30.31,"E3-56",1.26417
"E3","57",32.8,"E3-57",3.75417
"E3","58",34.75,"E3-58",5.70417
"E3","59",30.53,"E3-59",1.48417
"E3","60",30.48,"E3-60",1.43417
"E3","61",34.01,"E3-61",4.96417
"E3","62",29.4,"E3-62",0.35417
"E3","63",30.99,"E3-63",1.94417
"E3","64",30.4,"E3-64",1.35417
"E3","65",31.53,"E3-65",2.48417
"E3","66",33.73,"E3-66",4.68417
"E3","67",31.88,"E3-67",2.83417
"E3","68",31.76,"E3-68",2.71417
"E3","69",31.35,"E3-69",2.30417
"E3","70",32.91,"E3-70",3.86417
"E3","71",34.65,"E3-71",5.60417
"E3","72",28.4,"E3-72",0
"E3","73",39.18,"E3-73",10.13417
"E3","74",30.22,"E3-74",1.17417
"E3","75",33.68,"E3-75",4.63417
"E3","76",39.46,"E3-76",10.41417
"E3","77",28.9,"E3-77",0
"E3","78",30.38,"E3-78",1.33417
"E3","79",30.81,"E3-79",1.76417
"E3","80",31.26,"E3-80",2.21417
"E3","81",30.92,"E3-81",1.87417
"E3","82",29.4,"E3-82",0.35417
"E3","83",40.56,"E3-83",11.51417
"E3","84",29.4,"E3-84",0.35417
"E3","85",30.59,"E3-85",1.54417
"E3","86",32.68,"E3-86",3.63417
"E3","87",29.9,"E3-87",0.85417
"E3","88",30.39,"E3-88",1.34417
"E3","89",28.87,"E3-89",0
"E3","90",30.23,"E3-90",1.18417
"E3","92",29.66,"E3-92",0.614170000000001
"E3","93",39.34,"E3-93",10.29417
"E3","94",29.44,"E3-94",0.394170000000003
"E3","95",29.52,"E3-95",0.474170000000001
"E3","96",41.76,"E3-96",12.71417
"E3","97",38.47,"E3-97",9.42417
"E3","98",42.6,"E3-98",13.55417
"E3","99",29.63,"E3-99",0.58417
"E3","100",37.32,"E3-100",8.27417
"E3","101",62.13,"E3-101",33.08417
"E3","103",66.17,"E3-103",37.12417
"E3","104",34.7,"E3-104",5.65417
"E3","105",34.24,"E3-105",5.19417
"E3","106",31.08,"E3-106",2.03417
"E3","107",30.03,"E3-107",0.984170000000002
"E3","108",29.24,"E3-108",0.19417
"E3","109",38.87,"E3-109",9.82417
"E3","110",29.87,"E3-110",0.824170000000002
"E3","111",43.81,"E3-111",14.76417
"E3","112",30.68,"E3-112",1.63417
"E3","113",28.37,"E3-113",0
"E3","114",32.56,"E3-114",3.51417
"E3","115",31.48,"E3-115",2.43417
"E3","116",34.1,"E3-116",5.05417
"E3","117",31.6,"E3-117",2.55417
"E3","118",27.67,"E3-118",0
"E3","119",30.72,"E3-119",1.67417
"E3","120",29.28,"E3-120",0.234170000000002
"E3","121",30.34,"E3-121",1.29417
"E3","122",30.97,"E3-122",1.92417
"E3","123",29.01,"E3-123",0
"E3","124",32.7,"E3-124",3.65417
"E3","125",32.2,"E3-125",3.15417
"E3","126",28.95,"E3-126",0
"E3","127",31.66,"E3-127",2.61417
"E3","128",29.51,"E3-128",0.464170000000003
"E3","129",30.83,"E3-129",1.78417
"E3","130",29.46,"E3-130",0.414170000000002
"E3","131",28.31,"E3-131",0
"E3","132",32.94,"E3-132",3.89417
"E3","133",28.55,"E3-133",0
"E3","134",34.53,"E3-134",5.48417
"E3","135",31.69,"E3-135",2.64417
"E3","136",28.74,"E3-136",0
"E3","137",30.48,"E3-137",1.43417
"E3","138",29.26,"E3-138",0.214170000000003
"E3","139",31.35,"E3-139",2.30417
"E3","140",30.18,"E3-140",1.13417
"E3","141",31.54,"E3-141",2.49417
"E3","142",30.19,"E3-142",1.14417
"E3","143",30.93,"E3-143",1.88417
"E3","144",29.78,"E3-144",0.734170000000002
"E3","145",29.8,"E3-145",0.754170000000002
"E3","146",32.85,"E3-146",3.80417
"E3","147",30.23,"E3-147",1.18417
"E3","148",32.76,"E3-148",3.71417
"E3","149",30.05,"E3-149",1.00417
"E3","150",31.8,"E3-150",2.75417
"E3","151",32.42,"E3-151",3.37417
"E3","152",31.8,"E3-152",2.75417
"E3","153",30.2,"E3-153",1.15417
"E3","154",32.56,"E3-154",3.51417
"E3","156",45.97,"E3-156",16.92417
"E3","157",32.41,"E3-157",3.36417
"E3","158",39.76,"E3-158",10.71417
"E3","159",32.87,"E3-159",3.82417
"E3","160",30.78,"E3-160",1.73417
"E3","161",30.96,"E3-161",1.91417
"E3","162",30.9,"E3-162",1.85417
"E3","163",38.84,"E3-163",9.79417
"E3","164",35.61,"E3-164",6.56417
"E3","165",31.39,"E3-165",2.34417
"E3","166",34.88,"E3-166",5.83417
"E3","167",30.51,"E3-167",1.46417
"E3","168",30.1,"E3-168",1.05417
"E3","169",32.08,"E3-169",3.03417
"E3","170",29.96,"E3-170",0.914170000000002
"E3","171",40.88,"E3-171",11.83417
"E3","172",30.54,"E3-172",1.49417
"E3","173",38.01,"E3-173",8.96417
"E3","174",31.63,"E3-174",2.58417
"E3","175",31.25,"E3-175",2.20417
"E3","176",39.95,"E3-176",10.90417
"E3","177",30.88,"E3-177",1.83417
"E3","178",35.36,"E3-178",6.31417
"E3","179",31.11,"E3-179",2.06417
"E3","180",30.86,"E3-180",1.81417
"E3","181",42.02,"E3-181",12.97417
"E3","182",34.91,"E3-182",5.86417
"E3","183",29.86,"E3-183",0.814170000000001
"E3","184",35.71,"E3-184",6.66417
"E3","185",33.31,"E3-185",4.26417
"E3","186",41.9,"E3-186",12.85417
"E3","187",30.3,"E3-187",1.25417
"E3","188",31.24,"E3-188",2.19417
"E3","189",32.42,"E3-189",3.37417
"E3","190",31.2,"E3-190",2.15417
"E3","191",29.47,"E3-191",0.42417
"E3","192",30.1,"E3-192",1.05417
"E3","193",32.57,"E3-193",3.52417
"E3","194",28.84,"E3-194",0
"E3","195",31.68,"E3-195",2.63417
"E3","196",38.67,"E3-196",9.62417
"E3","197",30.74,"E3-197",1.69417
"E3","198",33.06,"E3-198",4.01417
"E3","199",32.55,"E3-199",3.50417
"E3","200",47.25,"E3-200",18.20417
"E4","3",28.71,"E4-3",0
"E4","4",30.49,"E4-4",1.44417
"E4","5",29.82,"E4-5",0.774170000000002
"E4","6",30.9,"E4-6",1.85417
"E4","7",28.11,"E4-7",0
"E4","8",29.38,"E4-8",0.33417
"E4","9",31.76,"E4-9",2.71417
"E4","10",29.18,"E4-10",0.134170000000001
"E4","11",37.86,"E4-11",8.81417
"E4","12",35.68,"E4-12",6.63417
"E4","13",33.08,"E4-13",4.03417
"E4","14",39.58,"E4-14",10.53417
"E4","15",28.5,"E4-15",0
"E4","16",32.12,"E4-16",3.07417
"E4","17",37.36,"E4-17",8.31417
"E4","18",34.03,"E4-18",4.98417
"E4","19",35.69,"E4-19",6.64417
"E4","20",30.21,"E4-20",1.16417
"E4","21",28.86,"E4-21",0
"E4","22",31.66,"E4-22",2.61417
"E4","23",33.32,"E4-23",4.27417
"E4","24",38.3,"E4-24",9.25417
"E4","25",34.42,"E4-25",5.37417
"E4","26",30.07,"E4-26",1.02417
"E4","27",33.25,"E4-27",4.20417
"E4","28",29.8,"E4-28",0.754170000000002
"E4","29",31.02,"E4-29",1.97417
"E4","30",34.33,"E4-30",5.28417
"E4","31",31.28,"E4-31",2.23417
"E4","32",32.28,"E4-32",3.23417
"E4","33",37.65,"E4-33",8.60417
"E4","34",33.59,"E4-34",4.54417
"E4","35",30.73,"E4-35",1.68417
"E4","36",33.63,"E4-36",4.58417
"E4","37",30.03,"E4-37",0.984170000000002
"E4","38",33.12,"E4-38",4.07417
"E4","39",30.71,"E4-39",1.66417
"E4","40",32.33,"E4-40",3.28417
"E4","41",36.69,"E4-41",7.64417
"E4","42",31,"E4-42",1.95417
"E4","43",34.57,"E4-43",5.52417
"E4","44",29.07,"E4-44",0.0241700000000016
"E4","45",37.49,"E4-45",8.44417
"E4","46",30.81,"E4-46",1.76417
"E4","47",30.12,"E4-47",1.07417
"E4","48",29.21,"E4-48",0.164170000000002
"E4","49",29.42,"E4-49",0.374170000000003
"E4","50",31.2,"E4-50",2.15417
"E4","51",30.49,"E4-51",1.44417
"E4","52",30.59,"E4-52",1.54417
"E4","53",29.21,"E4-53",0.164170000000002
"E4","54",33.54,"E4-54",4.49417
"E4","55",32.3,"E4-55",3.25417
"E4","56",30.55,"E4-56",1.50417
"E4","57",31.79,"E4-57",2.74417
"E4","58",30.9,"E4-58",1.85417
"E4","59",31.34,"E4-59",2.29417
"E4","60",28.97,"E4-60",0
"E4","61",36.45,"E4-61",7.40417
"E4","62",35.15,"E4-62",6.10417
"E4","63",30.96,"E4-63",1.91417
"E4","64",30.23,"E4-64",1.18417
"E4","65",28.97,"E4-65",0
"E4","66",32.44,"E4-66",3.39417
"E4","67",28.56,"E4-67",0
"E4","68",33.34,"E4-68",4.29417
"E4","69",32.62,"E4-69",3.57417
"E4","70",29.19,"E4-70",0.144170000000003
"E4","71",34.74,"E4-71",5.69417
"E4","72",34.34,"E4-72",5.29417
"E4","73",29.36,"E4-73",0.314170000000001
"E4","74",31.36,"E4-74",2.31417
"E4","75",31.01,"E4-75",1.96417
"E4","76",30.58,"E4-76",1.53417
"E4","77",29.52,"E4-77",0.474170000000001
"E4","78",30.87,"E4-78",1.82417
"E4","79",33.68,"E4-79",4.63417
"E4","80",30.91,"E4-80",1.86417
"E4","81",35.67,"E4-81",6.62417
"E4","82",30.04,"E4-82",0.99417
"E4","83",33.31,"E4-83",4.26417
"E4","84",28.23,"E4-84",0
"E4","86",29.95,"E4-86",0.904170000000001
"E4","87",30.16,"E4-87",1.11417
"E4","88",34.8,"E4-88",5.75417
"E4","89",30.64,"E4-89",1.59417
"E4","90",28.07,"E4-90",0
"E4","91",50.27,"E4-91",21.22417
"E4","92",31.51,"E4-92",2.46417
"E4","93",30.68,"E4-93",1.63417
"E4","94",30.5,"E4-94",1.45417
"E4","95",32.6,"E4-95",3.55417
"E4","96",45.04,"E4-96",15.99417
"E4","97",36.59,"E4-97",7.54417
"E4","98",34.3,"E4-98",5.25417
"E4","99",29.66,"E4-99",0.614170000000001
"E4","100",37.62,"E4-100",8.57417
"E4","101",41.29,"E4-101",12.24417
"E4","102",46.4,"E4-102",17.35417
"E4","103",34.74,"E4-103",5.69417
"E4","104",39.69,"E4-104",10.64417
"E4","105",39.32,"E4-105",10.27417
"E4","106",30.76,"E4-106",1.71417
"E4","107",34.06,"E4-107",5.01417
"E4","108",53.67,"E4-108",24.62417
"E4","109",53.07,"E4-109",24.02417
"E4","110",33.5,"E4-110",4.45417
"E4","111",36.42,"E4-111",7.37417
"E4","112",31.45,"E4-112",2.40417
"E4","113",35.02,"E4-113",5.97417
"E4","114",37.4,"E4-114",8.35417
"E4","115",33.83,"E4-115",4.78417
"E4","116",29.48,"E4-116",0.434170000000002
"E4","117",32.19,"E4-117",3.14417
"E4","118",35.18,"E4-118",6.13417
"E4","119",36.97,"E4-119",7.92417
"E4","120",30.54,"E4-120",1.49417
"E4","121",31.37,"E4-121",2.32417
"E4","122",29.71,"E4-122",0.664170000000002
"E4","123",33.62,"E4-123",4.57417
"E4","124",39.47,"E4-124",10.42417
"E4","125",30.96,"E4-125",1.91417
"E4","126",35.85,"E4-126",6.80417
"E4","127",33.67,"E4-127",4.62417
"E4","128",45.4,"E4-128",16.35417
"E4","129",30.19,"E4-129",1.14417
"E4","130",29.77,"E4-130",0.724170000000001
"E4","131",36.33,"E4-131",7.28417
"E4","132",37.86,"E4-132",8.81417
"E4","133",29.06,"E4-133",0.01417
"E4","134",30.17,"E4-134",1.12417
"E4","135",30.31,"E4-135",1.26417
"E4","136",39.54,"E4-136",10.49417
"E4","137",31.52,"E4-137",2.47417
"E4","138",37.66,"E4-138",8.61417
"E4","139",34.57,"E4-139",5.52417
"E4","140",36.2,"E4-140",7.15417
"E4","141",34.72,"E4-141",5.67417
"E4","142",38.69,"E4-142",9.64417
"E4","143",54.12,"E4-143",25.07417
"E4","144",29.29,"E4-144",0.24417
"E4","145",34.37,"E4-145",5.32417
"E4","146",33.36,"E4-146",4.31417
"E4","147",31.14,"E4-147",2.09417
"E4","148",50.64,"E4-148",21.59417
"E4","149",29.03,"E4-149",0
"E4","150",35.46,"E4-150",6.41417
"E4","151",33.63,"E4-151",4.58417
"E4","152",32.68,"E4-152",3.63417
"E4","153",35.08,"E4-153",6.03417
"E4","154",34.51,"E4-154",5.46417
"E4","155",48.28,"E4-155",19.23417
"E4","156",29.34,"E4-156",0.294170000000001
"E4","157",33.7,"E4-157",4.65417
"E4","158",46.68,"E4-158",17.63417
"E4","159",28.03,"E4-159",0
"E4","160",32.26,"E4-160",3.21417
"E4","161",36.36,"E4-161",7.31417
"E4","162",31.2,"E4-162",2.15417
"E4","163",42.89,"E4-163",13.84417
"E4","164",31.06,"E4-164",2.01417
"E4","165",30.56,"E4-165",1.51417
"E4","166",38.1,"E4-166",9.05417
"E4","167",28.59,"E4-167",0
"E4","168",33.83,"E4-168",4.78417
"E4","169",38.86,"E4-169",9.81417
"E4","170",33.23,"E4-170",4.18417
"E4","171",35.13,"E4-171",6.08417
"E4","172",31.13,"E4-172",2.08417
"E4","173",35.93,"E4-173",6.88417
"E4","174",31.39,"E4-174",2.34417
"E4","175",42.77,"E4-175",13.72417
"E4","176",31.26,"E4-176",2.21417
"E4","177",29.08,"E4-177",0.0341699999999996
"E4","178",33.9,"E4-178",4.85417
"E4","179",29.34,"E4-179",0.294170000000001
"E4","181",37.85,"E4-181",8.80417
"E4","182",28.95,"E4-182",0
"E4","183",50,"E4-183",20.95417
"E4","184",28.72,"E4-184",0
"E4","185",30.85,"E4-185",1.80417
"E4","186",30.51,"E4-186",1.46417
"E4","187",31.54,"E4-187",2.49417
"E4","188",37.03,"E4-188",7.98417
"E4","189",29.59,"E4-189",0.544170000000001
"E4","190",29.87,"E4-190",0.824170000000002
"E4","191",30.33,"E4-191",1.28417
"E4","192",30.4,"E4-192",1.35417
"E4","193",30.5,"E4-193",1.45417
"E4","194",32.91,"E4-194",3.86417
"E4","195",30.15,"E4-195",1.10417
"E4","196",30.71,"E4-196",1.66417
"E4","197",28.86,"E4-197",0
"E4","198",34.19,"E4-198",5.14417
"E4","199",39.95,"E4-199",10.90417
"E4","200",31.03,"E4-200",1.98417
"E4","201",33.85,"E4-201",4.80417
"E5","1",32.14,"E5-1",3.09417
"E5","2",28.61,"E5-2",0
"E5","3",34.64,"E5-3",5.59417
"E5","4",33.33,"E5-4",4.28417
"E5","5",32.88,"E5-5",3.83417
"E5","6",35.59,"E5-6",6.54417
"E5","7",29.22,"E5-7",0.17417
"E5","8",30.31,"E5-8",1.26417
"E5","9",40.73,"E5-9",11.68417
"E5","10",43.72,"E5-10",14.67417
"E5","11",34.19,"E5-11",5.14417
"E5","12",37.12,"E5-12",8.07417
"E5","13",36.56,"E5-13",7.51417
"E5","14",28.96,"E5-14",0
"E5","15",30.96,"E5-15",1.91417
"E5","16",28.14,"E5-16",0
"E5","17",36.15,"E5-17",7.10417
"E5","18",29.54,"E5-18",0.49417
"E5","19",33.49,"E5-19",4.44417
"E5","20",30.71,"E5-20",1.66417
"E5","21",32.92,"E5-21",3.87417
"E5","22",28.67,"E5-22",0
"E5","23",34.78,"E5-23",5.73417
"E5","24",28.17,"E5-24",0
"E5","25",29.44,"E5-25",0.394170000000003
"E5","26",34.31,"E5-26",5.26417
"E5","27",28.95,"E5-27",0
"E5","28",31.11,"E5-28",2.06417
"E5","29",28.39,"E5-29",0
"E5","30",34.38,"E5-30",5.33417
"E5","31",42.07,"E5-31",13.02417
"E5","32",27.79,"E5-32",0
"E5","33",35.19,"E5-33",6.14417
"E5","34",37.02,"E5-34",7.97417
"E5","35",39.63,"E5-35",10.58417
"E5","36",31.75,"E5-36",2.70417
"E5","37",29.18,"E5-37",0.134170000000001
"E5","38",30.81,"E5-38",1.76417
"E5","39",29.45,"E5-39",0.404170000000001
"E5","40",31.85,"E5-40",2.80417
"E5","41",34.31,"E5-41",5.26417
"E5","42",31.9,"E5-42",2.85417
"E5","43",30.61,"E5-43",1.56417
"E5","44",29.98,"E5-44",0.934170000000002
"E5","45",33.64,"E5-45",4.59417
"E5","46",45.93,"E5-46",16.88417
"E5","47",28.65,"E5-47",0
"E5","48",40.81,"E5-48",11.76417
"E5","49",29.29,"E5-49",0.24417
"E5","50",30.82,"E5-50",1.77417
"E5","51",31.69,"E5-51",2.64417
"E5","52",30.99,"E5-52",1.94417
"E5","54",29.51,"E5-54",0.464170000000003
"E5","55",29.61,"E5-55",0.564170000000001
"E5","56",39.95,"E5-56",10.90417
"E5","57",29.6,"E5-57",0.554170000000003
"E5","58",30.74,"E5-58",1.69417
"E5","59",30.27,"E5-59",1.22417
"E5","60",37.02,"E5-60",7.97417
"E5","61",41.01,"E5-61",11.96417
"E5","62",34.9,"E5-62",5.85417
"E5","63",30.94,"E5-63",1.89417
"E5","64",30.35,"E5-64",1.30417
"E5","65",33.03,"E5-65",3.98417
"E5","66",29.55,"E5-66",0.504170000000002
"E5","67",29.36,"E5-67",0.314170000000001
"E5","68",32.06,"E5-68",3.01417
"E5","69",30.68,"E5-69",1.63417
"E5","70",31.28,"E5-70",2.23417
"E5","71",33.18,"E5-71",4.13417
"E5","72",29.93,"E5-72",0.884170000000001
"E5","73",33.41,"E5-73",4.36417
"E5","74",29.43,"E5-74",0.384170000000001
"E5","75",43.05,"E5-75",14.00417
"E5","76",32.05,"E5-76",3.00417
"E5","77",40.23,"E5-77",11.18417
"E5","79",36.47,"E5-79",7.42417
"E5","80",35.77,"E5-80",6.72417
"E5","81",36.29,"E5-81",7.24417
"E5","82",29.24,"E5-82",0.19417
"E5","83",30.99,"E5-83",1.94417
"E5","85",36.16,"E5-85",7.11417
"E5","86",36.94,"E5-86",7.89417
"E5","87",30.09,"E5-87",1.04417
"E5","88",38.16,"E5-88",9.11417
"E5","89",29.9,"E5-89",0.85417
"E5","90",32.65,"E5-90",3.60417
"E5","91",38.8,"E5-91",9.75417
"E5","92",30.35,"E5-92",1.30417
"E5","93",37.44,"E5-93",8.39417
"E5","94",36.8,"E5-94",7.75417
"E5","95",32.28,"E5-95",3.23417
"E5","96",32.67,"E5-96",3.62417
"E5","97",32.98,"E5-97",3.93417
"E5","98",36.4,"E5-98",7.35417
"E5","99",69.75,"E5-99",40.70417
"E5","100",59.14,"E5-100",30.09417
"E5","101",70.65,"E5-101",41.60417
"E5","102",79.11,"E5-102",50.06417
"E5","103",71.06,"E5-103",42.01417
"E5","105",38.57,"E5-105",9.52417
"E5","107",31.64,"E5-107",2.59417
"E5","109",35.94,"E5-109",6.89417
"E5","111",40.58,"E5-111",11.53417
"E5","112",37.22,"E5-112",8.17417
"E5","113",44.58,"E5-113",15.53417
"E5","114",39.48,"E5-114",10.43417
"E5","115",37.61,"E5-115",8.56417
"E5","116",35.99,"E5-116",6.94417
"E5","117",37.45,"E5-117",8.40417
"E5","118",69.53,"E5-118",40.48417
"E5","119",38.33,"E5-119",9.28417
"E5","120",43.06,"E5-120",14.01417
"E5","121",32.16,"E5-121",3.11417
"E5","122",44.63,"E5-122",15.58417
"E5","123",50.24,"E5-123",21.19417
"E5","124",32.17,"E5-124",3.12417
"E5","125",35.87,"E5-125",6.82417
"E5","126",40.75,"E5-126",11.70417
"E5","127",31.29,"E5-127",2.24417
"E5","128",48.55,"E5-128",19.50417
"E5","129",30.51,"E5-129",1.46417
"E5","130",33.62,"E5-130",4.57417
"E5","131",41.56,"E5-131",12.51417
"E5","132",31.66,"E5-132",2.61417
"E5","134",34.83,"E5-134",5.78417
"E5","136",60.71,"E5-136",31.66417
"E5","137",48.6,"E5-137",19.55417
"E5","138",44.05,"E5-138",15.00417
"E5","139",33.11,"E5-139",4.06417
"E5","140",30.66,"E5-140",1.61417
"E5","141",33.68,"E5-141",4.63417
"E5","142",37.91,"E5-142",8.86417
"E5","143",36.63,"E5-143",7.58417
"E5","144",30.33,"E5-144",1.28417
"E5","145",43.25,"E5-145",14.20417
"E5","147",28.51,"E5-147",0
"E5","148",49.68,"E5-148",20.63417
"E5","149",33.42,"E5-149",4.37417
"E5","150",30.2,"E5-150",1.15417
"E5","151",30.74,"E5-151",1.69417
"E5","152",32.21,"E5-152",3.16417
"E5","153",45.2,"E5-153",16.15417
"E5","154",30.4,"E5-154",1.35417
"E5","155",31.12,"E5-155",2.07417
"E5","156",29.51,"E5-156",0.464170000000003
"E5","157",31.1,"E5-157",2.05417
"E5","158",32.15,"E5-158",3.10417
"E5","159",30.13,"E5-159",1.08417
"E5","160",36.23,"E5-160",7.18417
"E5","161",38.47,"E5-161",9.42417
"E5","162",30.64,"E5-162",1.59417
"E5","163",32.28,"E5-163",3.23417
"E5","164",36.93,"E5-164",7.88417
"E5","165",35.01,"E5-165",5.96417
"E5","166",32.22,"E5-166",3.17417
"E5","167",31.54,"E5-167",2.49417
"E5","168",47.4,"E5-168",18.35417
"E5","169",29.98,"E5-169",0.934170000000002
"E5","170",32.8,"E5-170",3.75417
"E5","171",29.31,"E5-171",0.26417
"E5","172",29.94,"E5-172",0.894170000000003
"E5","173",35.44,"E5-173",6.39417
"E5","174",35.39,"E5-174",6.34417
"E5","175",29.34,"E5-175",0.294170000000001
"E5","176",33.96,"E5-176",4.91417
"E5","177",30.1,"E5-177",1.05417
"E5","178",29.36,"E5-178",0.314170000000001
"E5","179",37.21,"E5-179",8.16417
"E5","180",30.92,"E5-180",1.87417
"E5","181",32.76,"E5-181",3.71417
"E5","182",28.82,"E5-182",0
"E5","183",32.35,"E5-183",3.30417
"E5","184",30.94,"E5-184",1.89417
"E5","185",30.64,"E5-185",1.59417
"E5","186",32.28,"E5-186",3.23417
"E5","187",30.7,"E5-187",1.65417
"E5","188",32.03,"E5-188",2.98417
"E5","189",28.56,"E5-189",0
"E5","191",33.94,"E5-191",4.89417
"E5","192",29.81,"E5-192",0.76417
"E5","193",31.33,"E5-193",2.28417
"E5","194",29.25,"E5-194",0.204170000000001
"E5","196",30.88,"E5-196",1.83417
"E5","197",31.7,"E5-197",2.65417
"E5","198",33.76,"E5-198",4.71417
"E5","199",43.5,"E5-199",14.45417
"E5","200",28.32,"E5-200",0
"E6","1",47.83,"E6-1",18.78417
"E6","3",42.29,"E6-3",13.24417
"E6","5",40.39,"E6-5",11.34417
"E6","6",32.56,"E6-6",3.51417
"E6","7",36.26,"E6-7",7.21417
"E6","8",36.84,"E6-8",7.79417
"E6","9",35.1,"E6-9",6.05417
"E6","11",36.27,"E6-11",7.22417
"E6","12",31.79,"E6-12",2.74417
"E6","13",39.61,"E6-13",10.56417
"E6","14",32.72,"E6-14",3.67417
"E6","15",32.12,"E6-15",3.07417
"E6","16",34.83,"E6-16",5.78417
"E6","17",34.26,"E6-17",5.21417
"E6","18",40.64,"E6-18",11.59417
"E6","19",45.78,"E6-19",16.73417
"E6","20",42.01,"E6-20",12.96417
"E6","21",36.29,"E6-21",7.24417
"E6","22",43.31,"E6-22",14.26417
"E6","23",42.44,"E6-23",13.39417
"E6","24",33.48,"E6-24",4.43417
"E6","25",40.55,"E6-25",11.50417
"E6","26",36.55,"E6-26",7.50417
"E6","27",28.83,"E6-27",0
"E6","28",52.5,"E6-28",23.45417
"E6","29",29.89,"E6-29",0.844170000000002
"E6","30",34.35,"E6-30",5.30417
"E6","31",57.32,"E6-31",28.27417
"E6","32",36.12,"E6-32",7.07417
"E6","33",51.69,"E6-33",22.64417
"E6","34",45.11,"E6-34",16.06417
"E6","35",34.58,"E6-35",5.53417
"E6","36",38.42,"E6-36",9.37417
"E6","37",33.2,"E6-37",4.15417
"E6","38",35.54,"E6-38",6.49417
"E6","39",28.87,"E6-39",0
"E6","40",36.75,"E6-40",7.70417
"E6","41",37.32,"E6-41",8.27417
"E6","42",29.77,"E6-42",0.724170000000001
"E6","43",35.64,"E6-43",6.59417
"E6","44",32.64,"E6-44",3.59417
"E6","45",30.65,"E6-45",1.60417
"E6","46",36.97,"E6-46",7.92417
"E6","47",36.98,"E6-47",7.93417
"E6","48",36.45,"E6-48",7.40417
"E6","49",40,"E6-49",10.95417
"E6","50",38.2,"E6-50",9.15417
"E6","51",43.56,"E6-51",14.51417
"E6","52",30.37,"E6-52",1.32417
"E6","53",35.06,"E6-53",6.01417
"E6","54",31.06,"E6-54",2.01417
"E6","56",30.79,"E6-56",1.74417
"E6","57",35.86,"E6-57",6.81417
"E6","58",32.88,"E6-58",3.83417
"E6","59",35.19,"E6-59",6.14417
"E6","60",35.82,"E6-60",6.77417
"E6","61",52.21,"E6-61",23.16417
"E6","62",43.08,"E6-62",14.03417
"E6","63",30.81,"E6-63",1.76417
"E6","65",33.47,"E6-65",4.42417
"E6","66",31.04,"E6-66",1.99417
"E6","67",36.8,"E6-67",7.75417
"E6","68",52.67,"E6-68",23.62417
"E6","69",38.18,"E6-69",9.13417
"E6","70",33.86,"E6-70",4.81417
"E6","71",38.32,"E6-71",9.27417
"E6","72",38.32,"E6-72",9.27417
"E6","73",33.5,"E6-73",4.45417
"E6","75",29.75,"E6-75",0.704170000000001
"E6","76",36.78,"E6-76",7.73417
"E6","77",32.59,"E6-77",3.54417
"E6","78",46.1,"E6-78",17.05417
"E6","79",48.45,"E6-79",19.40417
"E6","80",34.55,"E6-80",5.50417
"E6","81",36.3,"E6-81",7.25417
"E6","82",40.15,"E6-82",11.10417
"E6","83",34.2,"E6-83",5.15417
"E6","84",47.92,"E6-84",18.87417
"E6","85",38.58,"E6-85",9.53417
"E6","86",32.35,"E6-86",3.30417
"E6","87",33.91,"E6-87",4.86417
"E6","88",40.29,"E6-88",11.24417
"E6","89",60.51,"E6-89",31.46417
"E6","90",41.47,"E6-90",12.42417
"E6","91",29.37,"E6-91",0.324170000000002
"E6","92",39.87,"E6-92",10.82417
"E6","93",42.15,"E6-93",13.10417
"E6","94",34.95,"E6-94",5.90417
"E6","95",40.81,"E6-95",11.76417
"E6","96",56.01,"E6-96",26.96417
"E6","97",35.66,"E6-97",6.61417
"E6","98",47.77,"E6-98",18.72417
"E6","99",76,"E6-99",46.95417
"E6","100",68.29,"E6-100",39.24417
"E6","101",90.08,"E6-101",61.03417
"E6","102",56.93,"E6-102",27.88417
"E6","104",33.4,"E6-104",4.35417
"E6","105",41.76,"E6-105",12.71417
"E6","106",43.24,"E6-106",14.19417
"E6","107",46.49,"E6-107",17.44417
"E6","108",64.95,"E6-108",35.90417
"E6","109",37.71,"E6-109",8.66417
"E6","110",29.84,"E6-110",0.794170000000001
"E6","111",43.39,"E6-111",14.34417
"E6","112",42.84,"E6-112",13.79417
"E6","113",59.11,"E6-113",30.06417
"E6","114",34.19,"E6-114",5.14417
"E6","115",36.73,"E6-115",7.68417
"E6","116",37.31,"E6-116",8.26417
"E6","117",37.34,"E6-117",8.29417
"E6","118",47.16,"E6-118",18.11417
"E6","119",39.71,"E6-119",10.66417
"E6","120",38.65,"E6-120",9.60417
"E6","121",37.51,"E6-121",8.46417
"E6","122",43.73,"E6-122",14.68417
"E6","123",72.25,"E6-123",43.20417
"E6","124",35.63,"E6-124",6.58417
"E6","125",40.01,"E6-125",10.96417
"E6","126",30.83,"E6-126",1.78417
"E6","127",31.54,"E6-127",2.49417
"E6","128",38.95,"E6-128",9.90417
"E6","129",32.65,"E6-129",3.60417
"E6","130",45.11,"E6-130",16.06417
"E6","131",39.3,"E6-131",10.25417
"E6","132",31.91,"E6-132",2.86417
"E6","133",47.41,"E6-133",18.36417
"E6","135",34.88,"E6-135",5.83417
"E6","136",29.98,"E6-136",0.934170000000002
"E6","137",35.75,"E6-137",6.70417
"E6","138",61.63,"E6-138",32.58417
"E6","140",39.86,"E6-140",10.81417
"E6","141",46.23,"E6-141",17.18417
"E6","142",41.23,"E6-142",12.18417
"E6","143",44.86,"E6-143",15.81417
"E6","144",32.06,"E6-144",3.01417
"E6","145",48.29,"E6-145",19.24417
"E6","146",37.13,"E6-146",8.08417
"E6","147",38.7,"E6-147",9.65417
"E6","148",55.09,"E6-148",26.04417
"E6","149",39.12,"E6-149",10.07417
"E6","150",37.86,"E6-150",8.81417
"E6","151",35.51,"E6-151",6.46417
"E6","152",36.58,"E6-152",7.53417
"E6","153",62.23,"E6-153",33.18417
"E6","154",29.89,"E6-154",0.844170000000002
"E6","155",48.27,"E6-155",19.22417
"E6","156",38.01,"E6-156",8.96417
"E6","157",39.34,"E6-157",10.29417
"E6","158",51.76,"E6-158",22.71417
"E6","159",34.64,"E6-159",5.59417
"E6","160",32.92,"E6-160",3.87417
"E6","161",37.47,"E6-161",8.42417
"E6","162",34.47,"E6-162",5.42417
"E6","163",46.73,"E6-163",17.68417
"E6","164",34.02,"E6-164",4.97417
"E6","165",40.32,"E6-165",11.27417
"E6","166",33.81,"E6-166",4.76417
"E6","167",35.84,"E6-167",6.79417
"E6","168",39.37,"E6-168",10.32417
"E6","169",34.97,"E6-169",5.92417
"E6","170",33.88,"E6-170",4.83417
"E6","171",32.71,"E6-171",3.66417
"E6","172",50.6,"E6-172",21.55417
"E6","173",52.32,"E6-173",23.27417
"E6","174",30.08,"E6-174",1.03417
"E6","175",41.56,"E6-175",12.51417
"E6","176",32.47,"E6-176",3.42417
"E6","177",32.92,"E6-177",3.87417
"E6","178",38.21,"E6-178",9.16417
"E6","179",46.91,"E6-179",17.86417
"E6","180",40.91,"E6-180",11.86417
"E6","181",40.37,"E6-181",11.32417
"E6","182",36.92,"E6-182",7.87417
"E6","183",33.09,"E6-183",4.04417
"E6","184",39.52,"E6-184",10.47417
"E6","185",43.79,"E6-185",14.74417
"E6","186",37.35,"E6-186",8.30417
"E6","187",32.21,"E6-187",3.16417
"E6","188",64.24,"E6-188",35.19417
"E6","189",36.67,"E6-189",7.62417
"E6","190",35.47,"E6-190",6.42417
"E6","191",36.7,"E6-191",7.65417
"E6","192",35.57,"E6-192",6.52417
"E6","193",34.01,"E6-193",4.96417
"E6","194",33.91,"E6-194",4.86417
"E6","195",42,"E6-195",12.95417
"E6","196",36.5,"E6-196",7.45417
"E6","197",44.9,"E6-197",15.85417
"E6","198",58.52,"E6-198",29.47417
"E6","199",44.87,"E6-199",15.82417
"E6","200",38.69,"E6-200",9.64417
"E7","1",38.25,"E7-1",9.20417
"E7","2",34.7,"E7-2",5.65417
"E7","3",32.55,"E7-3",3.50417
"E7","4",30.18,"E7-4",1.13417
"E7","5",32.53,"E7-5",3.48417
"E7","6",33.89,"E7-6",4.84417
"E7","7",31.82,"E7-7",2.77417
"E7","8",29.54,"E7-8",0.49417
"E7","9",29.89,"E7-9",0.844170000000002
"E7","10",30.83,"E7-10",1.78417
"E7","11",32.2,"E7-11",3.15417
"E7","12",32.13,"E7-12",3.08417
"E7","13",29.82,"E7-13",0.774170000000002
"E7","14",37.87,"E7-14",8.82417
"E7","15",31.04,"E7-15",1.99417
"E7","16",30.63,"E7-16",1.58417
"E7","17",30.63,"E7-17",1.58417
"E7","18",29.45,"E7-18",0.404170000000001
"E7","19",31.18,"E7-19",2.13417
"E7","20",28.89,"E7-20",0
"E7","21",33.88,"E7-21",4.83417
"E7","22",31.09,"E7-22",2.04417
"E7","23",31.26,"E7-23",2.21417
"E7","24",36.73,"E7-24",7.68417
"E7","25",28.56,"E7-25",0
"E7","26",28.95,"E7-26",0
"E7","27",30.94,"E7-27",1.89417
"E7","28",33.45,"E7-28",4.40417
"E7","29",30.44,"E7-29",1.39417
"E7","30",29.44,"E7-30",0.394170000000003
"E7","31",35.73,"E7-31",6.68417
"E7","32",31.43,"E7-32",2.38417
"E7","33",34.05,"E7-33",5.00417
"E7","34",29.75,"E7-34",0.704170000000001
"E7","35",38.36,"E7-35",9.31417
"E7","36",29.66,"E7-36",0.614170000000001
"E7","37",30.24,"E7-37",1.19417
"E7","38",33.32,"E7-38",4.27417
"E7","39",32.83,"E7-39",3.78417
"E7","40",32.41,"E7-40",3.36417
"E7","41",31.87,"E7-41",2.82417
"E7","42",30.41,"E7-42",1.36417
"E7","44",29.32,"E7-44",0.274170000000002
"E7","45",29.35,"E7-45",0.304170000000003
"E7","46",31.15,"E7-46",2.10417
"E7","47",31.29,"E7-47",2.24417
"E7","48",33.22,"E7-48",4.17417
"E7","49",32.32,"E7-49",3.27417
"E7","50",31.92,"E7-50",2.87417
"E7","51",31.45,"E7-51",2.40417
"E7","52",31.35,"E7-52",2.30417
"E7","53",32.51,"E7-53",3.46417
"E7","54",30.34,"E7-54",1.29417
"E7","55",31.95,"E7-55",2.90417
"E7","56",37.34,"E7-56",8.29417
"E7","57",35,"E7-57",5.95417
"E7","58",31.29,"E7-58",2.24417
"E7","59",32.39,"E7-59",3.34417
"E7","60",31.86,"E7-60",2.81417
"E7","61",33.75,"E7-61",4.70417
"E7","62",35.65,"E7-62",6.60417
"E7","63",29.49,"E7-63",0.44417
"E7","64",31,"E7-64",1.95417
"E7","65",35.25,"E7-65",6.20417
"E7","66",32.77,"E7-66",3.72417
"E7","67",34.14,"E7-67",5.09417
"E7","68",34.56,"E7-68",5.51417
"E7","69",30.69,"E7-69",1.64417
"E7","70",34.99,"E7-70",5.94417
"E7","71",33.39,"E7-71",4.34417
"E7","72",29.54,"E7-72",0.49417
"E7","73",39.58,"E7-73",10.53417
"E7","74",35.93,"E7-74",6.88417
"E7","75",32.31,"E7-75",3.26417
"E7","76",48.82,"E7-76",19.77417
"E7","77",32.31,"E7-77",3.26417
"E7","78",30.28,"E7-78",1.23417
"E7","79",42.72,"E7-79",13.67417
"E7","80",30.83,"E7-80",1.78417
"E7","81",34.78,"E7-81",5.73417
"E7","82",32.47,"E7-82",3.42417
"E7","83",35.06,"E7-83",6.01417
"E7","84",32.9,"E7-84",3.85417
"E7","85",38.83,"E7-85",9.78417
"E7","86",36,"E7-86",6.95417
"E7","87",35.69,"E7-87",6.64417
"E7","88",33.7,"E7-88",4.65417
"E7","89",34.02,"E7-89",4.97417
"E7","90",35.42,"E7-90",6.37417
"E7","91",35.68,"E7-91",6.63417
"E7","92",35.67,"E7-92",6.62417
"E7","93",29.91,"E7-93",0.864170000000001
"E7","94",41.83,"E7-94",12.78417
"E7","95",30.64,"E7-95",1.59417
"E7","96",47.21,"E7-96",18.16417
"E7","97",45.12,"E7-97",16.07417
"E7","98",32.93,"E7-98",3.88417
"E7","99",47.6,"E7-99",18.55417
"E7","100",43.56,"E7-100",14.51417
"E7","101",46.8,"E7-101",17.75417
"E7","102",33.21,"E7-102",4.16417
"E7","103",36.56,"E7-103",7.51417
"E7","104",32.56,"E7-104",3.51417
"E7","105",40.26,"E7-105",11.21417
"E7","106",34.93,"E7-106",5.88417
"E7","107",29.85,"E7-107",0.804170000000003
"E7","108",37.33,"E7-108",8.28417
"E7","109",34.78,"E7-109",5.73417
"E7","110",28.47,"E7-110",0
"E7","111",33.66,"E7-111",4.61417
"E7","112",33.47,"E7-112",4.42417
"E7","113",39,"E7-113",9.95417
"E7","115",44.17,"E7-115",15.12417
"E7","116",33.21,"E7-116",4.16417
"E7","117",34.46,"E7-117",5.41417
"E7","118",33.14,"E7-118",4.09417
"E7","119",37.23,"E7-119",8.18417
"E7","121",34.27,"E7-121",5.22417
"E7","122",31.71,"E7-122",2.66417
"E7","123",33.1,"E7-123",4.05417
"E7","124",30.88,"E7-124",1.83417
"E7","125",38.87,"E7-125",9.82417
"E7","126",32.79,"E7-126",3.74417
"E7","127",36.82,"E7-127",7.77417
"E7","128",29.12,"E7-128",0.0741700000000023
"E7","129",34.48,"E7-129",5.43417
"E7","130",30.52,"E7-130",1.47417
"E7","131",33.13,"E7-131",4.08417
"E7","132",36.07,"E7-132",7.02417
"E7","133",30.81,"E7-133",1.76417
"E7","134",32.85,"E7-134",3.80417
"E7","135",33.81,"E7-135",4.76417
"E7","136",33.89,"E7-136",4.84417
"E7","137",31.51,"E7-137",2.46417
"E7","138",33.04,"E7-138",3.99417
"E7","139",34.44,"E7-139",5.39417
"E7","140",29.47,"E7-140",0.42417
"E7","141",34.45,"E7-141",5.40417
"E7","142",34.84,"E7-142",5.79417
"E7","144",32.92,"E7-144",3.87417
"E7","145",36.35,"E7-145",7.30417
"E7","146",32.94,"E7-146",3.89417
"E7","147",30.29,"E7-147",1.24417
"E7","148",33.08,"E7-148",4.03417
"E7","149",34.91,"E7-149",5.86417
"E7","150",36.56,"E7-150",7.51417
"E7","151",33.09,"E7-151",4.04417
"E7","152",28.18,"E7-152",0
"E7","153",33.65,"E7-153",4.60417
"E7","154",30.74,"E7-154",1.69417
"E7","156",34.47,"E7-156",5.42417
"E7","157",36.24,"E7-157",7.19417
"E7","158",36.24,"E7-158",7.19417
"E7","159",31.5,"E7-159",2.45417
"E7","160",32.18,"E7-160",3.13417
"E7","161",28.6,"E7-161",0
"E7","162",38.71,"E7-162",9.66417
"E7","163",30.91,"E7-163",1.86417
"E7","164",33.93,"E7-164",4.88417
"E7","165",42.12,"E7-165",13.07417
"E7","166",31.05,"E7-166",2.00417
"E7","167",31.48,"E7-167",2.43417
"E7","168",34.58,"E7-168",5.53417
"E7","169",30.67,"E7-169",1.62417
"E7","170",33.01,"E7-170",3.96417
"E7","171",33.89,"E7-171",4.84417
"E7","172",35.45,"E7-172",6.40417
"E7","173",31.48,"E7-173",2.43417
"E7","174",29.38,"E7-174",0.33417
"E7","175",31.28,"E7-175",2.23417
"E7","176",30.53,"E7-176",1.48417
"E7","177",28.23,"E7-177",0
"E7","178",34.81,"E7-178",5.76417
"E7","179",29.55,"E7-179",0.504170000000002
"E7","180",33.37,"E7-180",4.32417
"E7","181",35.07,"E7-181",6.02417
"E7","182",33.16,"E7-182",4.11417
"E7","184",33.76,"E7-184",4.71417
"E7","185",26.83,"E7-185",0
"E7","187",29.7,"E7-187",0.654170000000001
"E7","188",36.6,"E7-188",7.55417
"E7","189",30.29,"E7-189",1.24417
"E7","190",34.41,"E7-190",5.36417
"E7","191",37.73,"E7-191",8.68417
"E7","192",29.47,"E7-192",0.42417
"E7","193",33.44,"E7-193",4.39417
"E7","194",30.26,"E7-194",1.21417
"E7","195",28.89,"E7-195",0
"E7","196",32.72,"E7-196",3.67417
"E7","197",28.28,"E7-197",0
"E7","198",30.21,"E7-198",1.16417
"E7","199",29.75,"E7-199",0.704170000000001
"E7","200",34.34,"E7-200",5.29417
"E7","201",30.16,"E7-201",1.11417
"E7","202",30.68,"E7-202",1.63417
"E8","1",46.29,"E8-1",17.24417
"E8","2",38.64,"E8-2",9.59417
"E8","3",42.82,"E8-3",13.77417
"E8","4",33.37,"E8-4",4.32417
"E8","5",38.18,"E8-5",9.13417
"E8","6",39.42,"E8-6",10.37417
"E8","7",33.63,"E8-7",4.58417
"E8","8",44.56,"E8-8",15.51417
"E8","9",31.56,"E8-9",2.51417
"E8","10",33.69,"E8-10",4.64417
"E8","11",33.06,"E8-11",4.01417
"E8","12",42.88,"E8-12",13.83417
"E8","13",31.68,"E8-13",2.63417
"E8","14",33.99,"E8-14",4.94417
"E8","15",31.65,"E8-15",2.60417
"E8","16",32.47,"E8-16",3.42417
"E8","17",31.69,"E8-17",2.64417
"E8","18",30,"E8-18",0.954170000000001
"E8","19",31.1,"E8-19",2.05417
"E8","20",31.11,"E8-20",2.06417
"E8","21",38.48,"E8-21",9.43417
"E8","22",32.06,"E8-22",3.01417
"E8","23",35.23,"E8-23",6.18417
"E8","24",31.66,"E8-24",2.61417
"E8","25",34.56,"E8-25",5.51417
"E8","26",44.07,"E8-26",15.02417
"E8","27",29.23,"E8-27",0.184170000000002
"E8","28",31.22,"E8-28",2.17417
"E8","29",41.07,"E8-29",12.02417
"E8","30",31.21,"E8-30",2.16417
"E8","31",30.97,"E8-31",1.92417
"E8","32",29.73,"E8-32",0.684170000000002
"E8","33",34.46,"E8-33",5.41417
"E8","34",30.95,"E8-34",1.90417
"E8","35",33.09,"E8-35",4.04417
"E8","36",42.9,"E8-36",13.85417
"E8","37",30.35,"E8-37",1.30417
"E8","38",33.4,"E8-38",4.35417
"E8","39",34.15,"E8-39",5.10417
"E8","40",36.34,"E8-40",7.29417
"E8","41",32.06,"E8-41",3.01417
"E8","42",30.56,"E8-42",1.51417
"E8","43",38.22,"E8-43",9.17417
"E8","44",34.04,"E8-44",4.99417
"E8","45",32.49,"E8-45",3.44417
"E8","46",37.81,"E8-46",8.76417
"E8","47",36.49,"E8-47",7.44417
"E8","48",34.08,"E8-48",5.03417
"E8","49",31.64,"E8-49",2.59417
"E8","50",31.04,"E8-50",1.99417
"E8","51",37.68,"E8-51",8.63417
"E8","52",31,"E8-52",1.95417
"E8","53",32.3,"E8-53",3.25417
"E8","54",41.22,"E8-54",12.17417
"E8","55",29.52,"E8-55",0.474170000000001
"E8","56",34.79,"E8-56",5.74417
"E8","57",33.97,"E8-57",4.92417
"E8","58",30.4,"E8-58",1.35417
"E8","59",40,"E8-59",10.95417
"E8","60",31.56,"E8-60",2.51417
"E8","61",37.85,"E8-61",8.80417
"E8","62",37.75,"E8-62",8.70417
"E8","63",35.04,"E8-63",5.99417
"E8","64",34.05,"E8-64",5.00417
"E8","65",31.51,"E8-65",2.46417
"E8","66",41.13,"E8-66",12.08417
"E8","67",32,"E8-67",2.95417
"E8","68",36.37,"E8-68",7.32417
"E8","69",34.22,"E8-69",5.17417
"E8","70",33.72,"E8-70",4.67417
"E8","71",50.46,"E8-71",21.41417
"E8","72",31.85,"E8-72",2.80417
"E8","73",34.57,"E8-73",5.52417
"E8","74",32.84,"E8-74",3.79417
"E8","75",41.56,"E8-75",12.51417
"E8","76",48.88,"E8-76",19.83417
"E8","77",33.71,"E8-77",4.66417
"E8","78",29.94,"E8-78",0.894170000000003
"E8","79",34.77,"E8-79",5.72417
"E8","80",32.23,"E8-80",3.18417
"E8","81",34.49,"E8-81",5.44417
"E8","82",32.61,"E8-82",3.56417
"E8","83",33.51,"E8-83",4.46417
"E8","84",29.33,"E8-84",0.28417
"E8","85",30.64,"E8-85",1.59417
"E8","86",38.86,"E8-86",9.81417
"E8","87",33.03,"E8-87",3.98417
"E8","88",32.95,"E8-88",3.90417
"E8","89",30.94,"E8-89",1.89417
"E8","90",32.6,"E8-90",3.55417
"E8","91",31.02,"E8-91",1.97417
"E8","92",45.84,"E8-92",16.79417
"E8","93",36.7,"E8-93",7.65417
"E8","94",37.86,"E8-94",8.81417
"E8","95",36.32,"E8-95",7.27417
"E8","96",37.45,"E8-96",8.40417
"E8","97",31.61,"E8-97",2.56417
"E8","98",32.02,"E8-98",2.97417
"E8","99",53.2,"E8-99",24.15417
"E8","100",41.15,"E8-100",12.10417
"E8","101",39.21,"E8-101",10.16417
"E8","102",41.52,"E8-102",12.47417
"E8","103",32.49,"E8-103",3.44417
"E8","104",50.68,"E8-104",21.63417
"E8","105",35.74,"E8-105",6.69417
"E8","106",35.31,"E8-106",6.26417
"E8","107",30.42,"E8-107",1.37417
"E8","108",33.62,"E8-108",4.57417
"E8","109",32.74,"E8-109",3.69417
"E8","110",36.6,"E8-110",7.55417
"E8","111",34.67,"E8-111",5.62417
"E8","112",33.94,"E8-112",4.89417
"E8","113",42.56,"E8-113",13.51417
"E8","114",30.65,"E8-114",1.60417
"E8","115",40.15,"E8-115",11.10417
"E8","116",32.84,"E8-116",3.79417
"E8","117",37.21,"E8-117",8.16417
"E8","118",31.3,"E8-118",2.25417
"E8","119",31.4,"E8-119",2.35417
"E8","120",37.26,"E8-120",8.21417
"E8","121",34.4,"E8-121",5.35417
"E8","122",36.46,"E8-122",7.41417
"E8","123",31.92,"E8-123",2.87417
"E8","124",32,"E8-124",2.95417
"E8","125",28.8,"E8-125",0
"E8","126",29.2,"E8-126",0.154170000000001
"E8","127",33.8,"E8-127",4.75417
"E8","128",34.54,"E8-128",5.49417
"E8","129",31.63,"E8-129",2.58417
"E8","130",34.52,"E8-130",5.47417
"E8","131",33.45,"E8-131",4.40417
"E8","132",32.81,"E8-132",3.76417
"E8","133",31.61,"E8-133",2.56417
"E8","134",32.9,"E8-134",3.85417
"E8","135",46.92,"E8-135",17.87417
"E8","136",31.47,"E8-136",2.42417
"E8","137",33.32,"E8-137",4.27417
"E8","138",38.79,"E8-138",9.74417
"E8","139",29.48,"E8-139",0.434170000000002
"E8","140",35.73,"E8-140",6.68417
"E8","141",32.06,"E8-141",3.01417
"E8","142",32.97,"E8-142",3.92417
"E8","143",32.1,"E8-143",3.05417
"E8","144",35.07,"E8-144",6.02417
"E8","145",34.99,"E8-145",5.94417
"E8","146",30.56,"E8-146",1.51417
"E8","147",37.09,"E8-147",8.04417
"E8","148",33.08,"E8-148",4.03417
"E8","149",29.55,"E8-149",0.504170000000002
"E8","150",30.99,"E8-150",1.94417
"E8","151",30.5,"E8-151",1.45417
"E8","152",30.55,"E8-152",1.50417
"E8","153",30.82,"E8-153",1.77417
"E8","154",31.49,"E8-154",2.44417
"E8","155",32.83,"E8-155",3.78417
"E8","156",39.74,"E8-156",10.69417
"E8","157",30.68,"E8-157",1.63417
"E8","158",34.5,"E8-158",5.45417
"E8","159",31.89,"E8-159",2.84417
"E8","160",38.84,"E8-160",9.79417
"E8","161",30.89,"E8-161",1.84417
"E8","162",34.37,"E8-162",5.32417
"E8","163",34.46,"E8-163",5.41417
"E8","164",35.6,"E8-164",6.55417
"E8","165",31.1,"E8-165",2.05417
"E8","166",31.73,"E8-166",2.68417
"E8","167",36.64,"E8-167",7.59417
"E8","168",32.63,"E8-168",3.58417
"E8","169",29.85,"E8-169",0.804170000000003
"E8","170",29.47,"E8-170",0.42417
"E8","171",30.29,"E8-171",1.24417
"E8","172",36.25,"E8-172",7.20417
"E8","173",28.03,"E8-173",0
"E8","174",33.53,"E8-174",4.48417
"E8","175",31.02,"E8-175",1.97417
"E8","176",31.77,"E8-176",2.72417
"E8","177",36.06,"E8-177",7.01417
"E8","178",29.6,"E8-178",0.554170000000003
"E8","179",32.29,"E8-179",3.24417
"E8","180",34.14,"E8-180",5.09417
"E8","181",33.15,"E8-181",4.10417
"E8","182",39.84,"E8-182",10.79417
"E8","183",31.61,"E8-183",2.56417
"E8","184",31.89,"E8-184",2.84417
"E8","185",31.55,"E8-185",2.50417
"E8","186",29.32,"E8-186",0.274170000000002
"E8","187",32.28,"E8-187",3.23417
"E8","188",31.05,"E8-188",2.00417
"E8","189",32.3,"E8-189",3.25417
"E8","190",36.56,"E8-190",7.51417
"E8","191",30.64,"E8-191",1.59417
"E8","192",34.38,"E8-192",5.33417
"E8","193",29.48,"E8-193",0.434170000000002
"E8","194",29.84,"E8-194",0.794170000000001
"E8","195",32.63,"E8-195",3.58417
"E8","196",37.79,"E8-196",8.74417
"E8","197",31.12,"E8-197",2.07417
"E8","198",28.13,"E8-198",0
"E8","199",39.83,"E8-199",10.78417
"E8","200",33.44,"E8-200",4.39417
"E9","1",36.49,"E9-1",7.44417
"E9","2",34.21,"E9-2",5.16417
"E9","3",36.18,"E9-3",7.13417
"E9","4",30.07,"E9-4",1.02417
"E9","5",31.94,"E9-5",2.89417
"E9","6",29.08,"E9-6",0.0341699999999996
"E9","7",29.17,"E9-7",0.124170000000003
"E9","8",42.11,"E9-8",13.06417
"E9","9",30.32,"E9-9",1.27417
"E9","10",30.7,"E9-10",1.65417
"E9","11",33.15,"E9-11",4.10417
"E9","12",31.16,"E9-12",2.11417
"E9","13",29.99,"E9-13",0.94417
"E9","14",32.03,"E9-14",2.98417
"E9","15",28.65,"E9-15",0
"E9","16",30.99,"E9-16",1.94417
"E9","17",30.48,"E9-17",1.43417
"E9","18",30.06,"E9-18",1.01417
"E9","19",30.8,"E9-19",1.75417
"E9","20",32.13,"E9-20",3.08417
"E9","22",31.92,"E9-22",2.87417
"E9","23",36.02,"E9-23",6.97417
"E9","24",27.72,"E9-24",0
"E9","25",30.59,"E9-25",1.54417
"E9","26",30.65,"E9-26",1.60417
"E9","27",28.7,"E9-27",0
"E9","28",32.45,"E9-28",3.40417
"E9","29",30.67,"E9-29",1.62417
"E9","30",35.87,"E9-30",6.82417
"E9","31",30.87,"E9-31",1.82417
"E9","32",31.09,"E9-32",2.04417
"E9","33",32.86,"E9-33",3.81417
"E9","34",32.34,"E9-34",3.29417
"E9","35",29.32,"E9-35",0.274170000000002
"E9","36",30.39,"E9-36",1.34417
"E9","37",29.25,"E9-37",0.204170000000001
"E9","38",37.23,"E9-38",8.18417
"E9","39",28,"E9-39",0
"E9","40",30.91,"E9-40",1.86417
"E9","41",31.59,"E9-41",2.54417
"E9","42",30.7,"E9-42",1.65417
"E9","43",30.64,"E9-43",1.59417
"E9","44",32.94,"E9-44",3.89417
"E9","45",27.89,"E9-45",0
"E9","46",35.36,"E9-46",6.31417
"E9","47",29.9,"E9-47",0.85417
"E9","48",31.75,"E9-48",2.70417
"E9","49",34.19,"E9-49",5.14417
"E9","50",34.38,"E9-50",5.33417
"E9","51",30.13,"E9-51",1.08417
"E9","52",28.86,"E9-52",0
"E9","53",29.62,"E9-53",0.574170000000002
"E9","54",29.67,"E9-54",0.624170000000003
"E9","55",29.94,"E9-55",0.894170000000003
"E9","56",31.17,"E9-56",2.12417
"E9","57",31.73,"E9-57",2.68417
"E9","58",30.56,"E9-58",1.51417
"E9","59",29.25,"E9-59",0.204170000000001
"E9","60",31.77,"E9-60",2.72417
"E9","61",29.4,"E9-61",0.35417
"E9","62",31.13,"E9-62",2.08417
"E9","63",28.78,"E9-63",0
"E9","64",31.18,"E9-64",2.13417
"E9","65",34.7,"E9-65",5.65417
"E9","67",31.23,"E9-67",2.18417
"E9","68",28.4,"E9-68",0
"E9","69",29.83,"E9-69",0.78417
"E9","70",29.09,"E9-70",0.0441700000000012
"E9","71",38.06,"E9-71",9.01417
"E9","72",29.95,"E9-72",0.904170000000001
"E9","73",31.63,"E9-73",2.58417
"E9","74",29.14,"E9-74",0.0941700000000019
"E9","75",29.65,"E9-75",0.60417
"E9","76",32.86,"E9-76",3.81417
"E9","77",29.54,"E9-77",0.49417
"E9","78",30.07,"E9-78",1.02417
"E9","79",NA,"E9-79",NA
"E9","80",30.3,"E9-80",1.25417
"E9","81",32.26,"E9-81",3.21417
"E9","82",28.19,"E9-82",0
"E9","83",31.22,"E9-83",2.17417
"E9","84",32.67,"E9-84",3.62417
"E9","85",28.75,"E9-85",0
"E9","86",31.94,"E9-86",2.89417
"E9","87",31.12,"E9-87",2.07417
"E9","88",29.47,"E9-88",0.42417
"E9","89",31.17,"E9-89",2.12417
"E9","90",31.26,"E9-90",2.21417
"E9","91",30.46,"E9-91",1.41417
"E9","92",30.23,"E9-92",1.18417
"E9","93",28.51,"E9-93",0
"E9","94",31.11,"E9-94",2.06417
"E9","95",29.35,"E9-95",0.304170000000003
"E9","96",47.1,"E9-96",18.05417
"E9","97",31.73,"E9-97",2.68417
"E9","98",30.04,"E9-98",0.99417
"E9","99",38.39,"E9-99",9.34417
"E9","100",29.08,"E9-100",0.0341699999999996
"E9","101",40.83,"E9-101",11.78417
"E9","102",40.43,"E9-102",11.38417
"E9","103",32.24,"E9-103",3.19417
"E9","104",40.52,"E9-104",11.47417
"E9","105",30.48,"E9-105",1.43417
"E9","106",31,"E9-106",1.95417
"E9","107",28.83,"E9-107",0
"E9","108",28.87,"E9-108",0
"E9","109",31.69,"E9-109",2.64417
"E9","110",28.51,"E9-110",0
"E9","111",29.37,"E9-111",0.324170000000002
"E9","112",30.61,"E9-112",1.56417
"E9","113",31.01,"E9-113",1.96417
"E9","114",32.16,"E9-114",3.11417
"E9","115",30.42,"E9-115",1.37417
"E9","116",29.37,"E9-116",0.324170000000002
"E9","117",30.07,"E9-117",1.02417
"E9","118",30.8,"E9-118",1.75417
"E9","119",29.05,"E9-119",0.00417000000000201
"E9","120",29.93,"E9-120",0.884170000000001
"E9","121",35.37,"E9-121",6.32417
"E9","122",29.45,"E9-122",0.404170000000001
"E9","123",30.65,"E9-123",1.60417
"E9","124",31.5,"E9-124",2.45417
"E9","125",27.9,"E9-125",0
"E9","126",31.95,"E9-126",2.90417
"E9","127",28.81,"E9-127",0
"E9","128",46.9,"E9-128",17.85417
"E9","129",28.69,"E9-129",0
"E9","130",29.6,"E9-130",0.554170000000003
"E9","131",30.47,"E9-131",1.42417
"E9","132",28.47,"E9-132",0
"E9","133",30.06,"E9-133",1.01417
"E9","134",31.92,"E9-134",2.87417
"E9","135",29.45,"E9-135",0.404170000000001
"E9","136",30.33,"E9-136",1.28417
"E9","137",31.27,"E9-137",2.22417
"E9","138",31.59,"E9-138",2.54417
"E9","139",32.12,"E9-139",3.07417
"E9","140",29.77,"E9-140",0.724170000000001
"E9","141",32.05,"E9-141",3.00417
"E9","142",29.18,"E9-142",0.134170000000001
"E9","143",30.47,"E9-143",1.42417
"E9","144",30.9,"E9-144",1.85417
"E9","145",31.32,"E9-145",2.27417
"E9","146",31.84,"E9-146",2.79417
"E9","147",34.57,"E9-147",5.52417
"E9","148",30.43,"E9-148",1.38417
"E9","149",26.56,"E9-149",0
"E9","150",33.01,"E9-150",3.96417
"E9","151",36.89,"E9-151",7.84417
"E9","152",33.68,"E9-152",4.63417
"E9","153",30.83,"E9-153",1.78417
"E9","154",28.85,"E9-154",0
"E9","155",29.13,"E9-155",0.0841700000000003
"E9","156",32.11,"E9-156",3.06417
"E9","157",32.84,"E9-157",3.79417
"E9","158",30.03,"E9-158",0.984170000000002
"E9","159",30.57,"E9-159",1.52417
"E9","160",29.36,"E9-160",0.314170000000001
"E9","161",31.41,"E9-161",2.36417
"E9","162",29.81,"E9-162",0.76417
"E9","163",30.29,"E9-163",1.24417
"E9","164",30.42,"E9-164",1.37417
"E9","165",28.25,"E9-165",0
"E9","166",36.37,"E9-166",7.32417
"E9","167",46.82,"E9-167",17.77417
"E9","168",31.51,"E9-168",2.46417
"E9","169",29.41,"E9-169",0.364170000000001
"E9","170",30.56,"E9-170",1.51417
"E9","171",29.62,"E9-171",0.574170000000002
"E9","172",32.59,"E9-172",3.54417
"E9","173",33.09,"E9-173",4.04417
"E9","174",29.47,"E9-174",0.42417
"E9","175",28.19,"E9-175",0
"E9","176",33.23,"E9-176",4.18417
"E9","177",29.19,"E9-177",0.144170000000003
"E9","178",36.59,"E9-178",7.54417
"E9","179",30.04,"E9-179",0.99417
"E9","180",34.02,"E9-180",4.97417
"E9","181",30.8,"E9-181",1.75417
"E9","182",40.25,"E9-182",11.20417
"E9","183",29.5,"E9-183",0.454170000000001
"E9","184",33.79,"E9-184",4.74417
"E9","185",31.93,"E9-185",2.88417
"E9","186",29.4,"E9-186",0.35417
"E9","187",34.61,"E9-187",5.56417
"E9","188",33.01,"E9-188",3.96417
"E9","189",31.61,"E9-189",2.56417
"E9","190",31.78,"E9-190",2.73417
"E9","191",30.06,"E9-191",1.01417
"E9","192",30.46,"E9-192",1.41417
"E9","193",29.26,"E9-193",0.214170000000003
"E9","194",29.93,"E9-194",0.884170000000001
"E9","195",29.32,"E9-195",0.274170000000002
"E9","196",28.83,"E9-196",0
"E9","197",33.77,"E9-197",4.72417
"E9","198",29.1,"E9-198",0.0541700000000027
"E9","199",29.1,"E9-199",0.0541700000000027
"E9","200",36.34,"E9-200",7.29417
"E9","201",30.12,"E9-201",1.07417
"E9","202",30.12,"E9-202",1.07417
