"Block","Pos","Ind","rawWeight","Weight"
"E3",1,"E3-1",82.83,52.6358823529412
"E3",2,"E3-2",51.55,21.3558823529412
"E3",3,"E3-3",36.07,5.87588235294118
"E3",4,"E3-4",39.45,9.25588235294118
"E3",5,"E3-5",43.33,13.1358823529412
"E3",6,"E3-6",31.15,0.955882352941178
"E3",7,"E3-7",41.69,11.4958823529412
"E3",8,"E3-8",81.69,51.4958823529412
"E3",9,"E3-9",35.31,5.11588235294118
"E3",10,"E3-10",34.55,4.35588235294118
"E3",11,"E3-11",30.89,0.69588235294118
"E3",12,"E3-12",38.69,8.49588235294118
"E3",13,"E3-13",33.63,3.43588235294118
"E3",14,"E3-14",37.87,7.67588235294118
"E3",15,"E3-15",42.26,12.0658823529412
"E3",16,"E3-16",35.86,5.66588235294118
"E3",17,"E3-17",38.43,8.23588235294118
"E3",18,"E3-18",68.09,37.8958823529412
"E3",19,"E3-19",52.86,22.6658823529412
"E3",20,"E3-20",57.74,27.5458823529412
"E3",21,"E3-21",30.57,0.375882352941179
"E3",22,"E3-22",30.57,0.375882352941179
"E3",23,"E3-23",44.51,14.3158823529412
"E3",24,"E3-24",40.83,10.6358823529412
"E3",25,"E3-25",70.83,40.6358823529412
"E3",26,"E3-26",33.75,3.55588235294118
"E3",27,"E3-27",37.79,7.59588235294118
"E3",28,"E3-28",81.59,51.3958823529412
"E3",29,"E3-29",34.92,4.72588235294118
"E3",30,"E3-30",43.85,13.6558823529412
"E3",31,"E3-31",37.05,6.85588235294118
"E3",32,"E3-32",32.76,2.56588235294118
"E3",33,"E3-33",89.04,58.8458823529412
"E3",34,"E3-34",33.31,3.11588235294118
"E3",35,"E3-35",34.91,4.71588235294118
"E3",36,"E3-36",57.06,26.8658823529412
"E3",37,"E3-37",33.52,3.32588235294118
"E3",38,"E3-38",33.1,2.90588235294118
"E3",39,"E3-39",36.15,5.95588235294118
"E3",40,"E3-40",42.26,12.0658823529412
"E3",41,"E3-41",46.3,16.1058823529412
"E3",42,"E3-42",40.94,10.7458823529412
"E3",43,"E3-43",53.68,23.4858823529412
"E3",44,"E3-44",32.1,1.90588235294118
"E3",45,"E3-45",41.73,11.5358823529412
"E3",46,"E3-46",33.07,2.87588235294118
"E3",47,"E3-47",39.3,9.10588235294118
"E3",48,"E3-48",37.49,7.29588235294118
"E3",49,"E3-49",33.82,3.62588235294118
"E3",50,"E3-50",31,0.805882352941179
"E3",51,"E3-51",36.21,6.01588235294118
"E3",52,"E3-52",29.13,0
"E3",53,"E3-53",39.48,9.28588235294118
"E3",54,"E3-54",36.1,5.90588235294118
"E3",55,"E3-55",50.36,20.1658823529412
"E3",56,"E3-56",35.36,5.16588235294118
"E3",57,"E3-57",31.11,0.915882352941178
"E3",58,"E3-58",32.75,2.55588235294118
"E3",59,"E3-59",29.13,0
"E3",60,"E3-60",49.86,19.6658823529412
"E3",61,"E3-61",44.91,14.7158823529412
"E3",62,"E3-62",31.39,1.19588235294118
"E3",63,"E3-63",51.58,21.3858823529412
"E3",64,"E3-64",31.71,1.51588235294118
"E3",65,"E3-65",53.74,23.5458823529412
"E3",66,"E3-66",35.24,5.04588235294118
"E3",67,"E3-67",36.56,6.36588235294118
"E3",68,"E3-68",30.33,0.135882352941177
"E3",69,"E3-69",43.56,13.3658823529412
"E3",70,"E3-70",48.65,18.4558823529412
"E3",71,"E3-71",29.13,0
"E3",72,"E3-72",29.13,0
"E3",73,"E3-73",60.47,30.2758823529412
"E3",74,"E3-74",35.6,5.40588235294118
"E3",75,"E3-75",34.21,4.01588235294118
"E3",76,"E3-76",44.42,14.2258823529412
"E3",77,"E3-77",34.13,3.93588235294118
"E3",78,"E3-78",42.31,12.1158823529412
"E3",79,"E3-79",33.63,3.43588235294118
"E3",80,"E3-80",47.2,17.0058823529412
"E3",81,"E3-81",29.91,0
"E3",82,"E3-82",31.64,1.44588235294118
"E3",83,"E3-83",44.49,14.2958823529412
"E3",84,"E3-84",29.54,0
"E3",85,"E3-85",29.17,0
"E3",86,"E3-86",34.16,3.96588235294118
"E3",87,"E3-87",32.22,2.02588235294118
"E3",88,"E3-88",35.91,5.71588235294118
"E3",89,"E3-89",29.13,0
"E3",90,"E3-90",29.87,0
"E3",91,"E3-91",29.13,0
"E3",92,"E3-92",34.86,4.66588235294118
"E3",93,"E3-93",32.33,2.13588235294118
"E3",94,"E3-94",30.99,0.795882352941177
"E3",95,"E3-95",31.34,1.14588235294118
"E3",96,"E3-96",44.94,14.7458823529412
"E3",97,"E3-97",33.06,2.86588235294118
"E3",98,"E3-98",52.94,22.7458823529412
"E3",99,"E3-99",32.9,2.70588235294118
"E3",100,"E3-100",30.65,0.455882352941178
"E3",101,"E3-101",32.38,2.18588235294118
"E3",102,"E3-102",32.85,2.65588235294118
"E3",103,"E3-103",87.88,57.6858823529412
"E3",104,"E3-104",45.41,15.2158823529412
"E3",105,"E3-105",60.75,30.5558823529412
"E3",106,"E3-106",39.28,9.08588235294118
"E3",107,"E3-107",32.38,2.18588235294118
"E3",108,"E3-108",32.12,1.92588235294118
"E3",109,"E3-109",80.91,50.7158823529412
"E3",110,"E3-110",33.27,3.07588235294118
"E3",111,"E3-111",30.56,0.365882352941178
"E3",112,"E3-112",38.19,7.99588235294118
"E3",113,"E3-113",53.18,22.9858823529412
"E3",114,"E3-114",36.19,5.99588235294118
"E3",115,"E3-115",44.03,13.8358823529412
"E3",116,"E3-116",51.19,20.9958823529412
"E3",117,"E3-117",36.01,5.81588235294118
"E3",118,"E3-118",40.46,10.2658823529412
"E3",119,"E3-119",34.03,3.83588235294118
"E3",120,"E3-120",34.45,4.25588235294118
"E3",121,"E3-121",50.02,19.8258823529412
"E3",122,"E3-122",31.3,1.10588235294118
"E3",123,"E3-123",31.55,1.35588235294118
"E3",124,"E3-124",35.93,5.73588235294118
"E3",125,"E3-125",36.51,6.31588235294118
"E3",126,"E3-126",65.35,35.1558823529412
"E3",127,"E3-127",38.75,8.55588235294118
"E3",128,"E3-128",34.76,4.56588235294118
"E3",129,"E3-129",42.53,12.3358823529412
"E3",130,"E3-130",33.63,3.43588235294118
"E3",131,"E3-131",44.36,14.1658823529412
"E3",132,"E3-132",30,0
"E3",133,"E3-133",46.41,16.2158823529412
"E3",134,"E3-134",31.74,1.54588235294118
"E3",135,"E3-135",44.79,14.5958823529412
"E3",136,"E3-136",50.58,20.3858823529412
"E3",137,"E3-137",39.44,9.24588235294118
"E3",138,"E3-138",39.22,9.02588235294118
"E3",139,"E3-139",28.88,0
"E3",140,"E3-140",38.45,8.25588235294118
"E3",141,"E3-141",66.46,36.2658823529412
"E3",142,"E3-142",29.72,0
"E3",143,"E3-143",49.59,19.3958823529412
"E3",144,"E3-144",35.71,5.51588235294118
"E3",145,"E3-145",49.57,19.3758823529412
"E3",146,"E3-146",36.79,6.59588235294118
"E3",147,"E3-147",35,4.80588235294118
"E3",148,"E3-148",32.22,2.02588235294118
"E3",149,"E3-149",36.89,6.69588235294118
"E3",150,"E3-150",52.4,22.2058823529412
"E3",151,"E3-151",50.58,20.3858823529412
"E3",152,"E3-152",30.45,0.255882352941178
"E3",153,"E3-153",35.77,5.57588235294118
"E3",154,"E3-154",33.5,3.30588235294118
"E3",155,"E3-155",29.81,0
"E3",156,"E3-156",43.95,13.7558823529412
"E3",157,"E3-157",30.46,0.26588235294118
"E3",158,"E3-158",47.72,17.5258823529412
"E3",159,"E3-159",32.18,1.98588235294118
"E3",160,"E3-160",36.56,6.36588235294118
"E3",161,"E3-161",42.38,12.1858823529412
"E3",162,"E3-162",30.39,0.19588235294118
"E3",163,"E3-163",41.41,11.2158823529412
"E3",164,"E3-164",44.77,14.5758823529412
"E3",165,"E3-165",58.54,28.3458823529412
"E3",166,"E3-166",36.54,6.34588235294118
"E3",167,"E3-167",30.48,0.285882352941179
"E3",168,"E3-168",35.21,5.01588235294118
"E3",169,"E3-169",42.31,12.1158823529412
"E3",170,"E3-170",42.54,12.3458823529412
"E3",171,"E3-171",36.7,6.50588235294118
"E3",172,"E3-172",35.78,5.58588235294118
"E3",173,"E3-173",29.73,0
"E3",174,"E3-174",29.55,0
"E3",175,"E3-175",32.55,2.35588235294118
"E3",176,"E3-176",40.42,10.2258823529412
"E3",177,"E3-177",32.78,2.58588235294118
"E3",178,"E3-178",33.05,2.85588235294118
"E3",179,"E3-179",32.17,1.97588235294118
"E3",180,"E3-180",57.22,27.0258823529412
"E3",181,"E3-181",31.69,1.49588235294118
"E3",182,"E3-182",29.85,0
"E3",183,"E3-183",41.59,11.3958823529412
"E3",184,"E3-184",60.95,30.7558823529412
"E3",185,"E3-185",41.38,11.1858823529412
"E3",186,"E3-186",31.47,1.27588235294118
"E3",187,"E3-187",30.74,0.545882352941177
"E3",188,"E3-188",33.39,3.19588235294118
"E3",189,"E3-189",31.65,1.45588235294118
"E3",190,"E3-190",36.23,6.03588235294118
"E3",191,"E3-191",31.17,0.975882352941181
"E3",192,"E3-192",36.24,6.04588235294118
"E3",193,"E3-193",33.75,3.55588235294118
"E3",194,"E3-194",66.8,36.6058823529412
"E3",195,"E3-195",40.92,10.7258823529412
"E3",196,"E3-196",41.89,11.6958823529412
"E3",197,"E3-197",31.05,0.85588235294118
"E3",198,"E3-198",35.5,5.30588235294118
"E3",199,"E3-199",40.42,10.2258823529412
"E3",200,"E3-200",36.41,6.21588235294118
"E4",1,"E4-1",NA,0
"E4",2,"E4-2",NA,0
"E4",3,"E4-3",NA,0
"E4",4,"E4-4",32.78,2.58588235294118
"E4",5,"E4-5",30.78,0.58588235294118
"E4",6,"E4-6",30.37,0.17588235294118
"E4",7,"E4-7",NA,0
"E4",8,"E4-8",NA,0
"E4",9,"E4-9",NA,0
"E4",10,"E4-10",NA,0
"E4",11,"E4-11",31.2,1.00588235294118
"E4",12,"E4-12",NA,0
"E4",13,"E4-13",30.6,0.40588235294118
"E4",14,"E4-14",NA,0
"E4",15,"E4-15",NA,0
"E4",16,"E4-16",NA,0
"E4",17,"E4-17",NA,0
"E4",18,"E4-18",NA,0
"E4",19,"E4-19",NA,0
"E4",20,"E4-20",30.65,0.455882352941178
"E4",21,"E4-21",NA,0
"E4",22,"E4-22",NA,0
"E4",23,"E4-23",NA,0
"E4",24,"E4-24",NA,0
"E4",25,"E4-25",NA,0
"E4",26,"E4-26",NA,0
"E4",27,"E4-27",NA,0
"E4",28,"E4-28",NA,0
"E4",29,"E4-29",NA,0
"E4",30,"E4-30",30.29,0.0958823529411781
"E4",31,"E4-31",NA,0
"E4",32,"E4-32",NA,0
"E4",33,"E4-33",NA,0
"E4",34,"E4-34",30.74,0.545882352941177
"E4",35,"E4-35",30.76,0.56588235294118
"E4",36,"E4-36",30.56,0.365882352941178
"E4",37,"E4-37",NA,0
"E4",38,"E4-38",29.64,0
"E4",39,"E4-39",NA,0
"E4",40,"E4-40",NA,0
"E4",41,"E4-41",NA,0
"E4",42,"E4-42",NA,0
"E4",43,"E4-43",NA,0
"E4",44,"E4-44",NA,0
"E4",45,"E4-45",NA,0
"E4",46,"E4-46",NA,0
"E4",47,"E4-47",NA,0
"E4",48,"E4-48",NA,0
"E4",49,"E4-49",NA,0
"E4",50,"E4-50",NA,0
"E4",51,"E4-51",NA,0
"E4",52,"E4-52",NA,0
"E4",53,"E4-53",NA,0
"E4",54,"E4-54",NA,0
"E4",55,"E4-55",NA,0
"E4",56,"E4-56",NA,0
"E4",57,"E4-57",NA,0
"E4",58,"E4-58",NA,0
"E4",59,"E4-59",NA,0
"E4",60,"E4-60",NA,0
"E4",61,"E4-61",NA,0
"E4",62,"E4-62",NA,0
"E4",63,"E4-63",NA,0
"E4",64,"E4-64",NA,0
"E4",65,"E4-65",NA,0
"E4",66,"E4-66",NA,0
"E4",67,"E4-67",NA,0
"E4",68,"E4-68",NA,0
"E4",69,"E4-69",NA,0
"E4",70,"E4-70",NA,0
"E4",71,"E4-71",NA,0
"E4",72,"E4-72",NA,0
"E4",73,"E4-73",NA,0
"E4",74,"E4-74",NA,0
"E4",75,"E4-75",NA,0
"E4",76,"E4-76",NA,0
"E4",77,"E4-77",NA,0
"E4",78,"E4-78",NA,0
"E4",79,"E4-79",30.43,0.235882352941179
"E4",80,"E4-80",NA,0
"E4",81,"E4-81",NA,0
"E4",82,"E4-82",NA,0
"E4",83,"E4-83",30.87,0.67588235294118
"E4",84,"E4-84",NA,0
"E4",85,"E4-85",NA,0
"E4",86,"E4-86",NA,0
"E4",87,"E4-87",NA,0
"E4",88,"E4-88",NA,0
"E4",89,"E4-89",NA,0
"E4",90,"E4-90",NA,0
"E4",91,"E4-91",NA,0
"E4",92,"E4-92",NA,0
"E4",93,"E4-93",NA,0
"E4",94,"E4-94",NA,0
"E4",95,"E4-95",NA,0
"E4",96,"E4-96",NA,0
"E4",97,"E4-97",NA,0
"E4",98,"E4-98",NA,0
"E4",99,"E4-99",NA,0
"E4",100,"E4-100",NA,0
"E4",101,"E4-101",NA,0
"E4",102,"E4-102",NA,0
"E4",103,"E4-103",30.5,0.305882352941179
"E4",104,"E4-104",NA,0
"E4",105,"E4-105",NA,0
"E4",106,"E4-106",NA,0
"E4",107,"E4-107",NA,0
"E4",108,"E4-108",NA,0
"E4",109,"E4-109",NA,0
"E4",110,"E4-110",NA,0
"E4",111,"E4-111",NA,0
"E4",112,"E4-112",NA,0
"E4",113,"E4-113",NA,0
"E4",114,"E4-114",NA,0
"E4",115,"E4-115",NA,0
"E4",116,"E4-116",NA,0
"E4",117,"E4-117",NA,0
"E4",118,"E4-118",NA,0
"E4",119,"E4-119",NA,0
"E4",120,"E4-120",NA,0
"E4",121,"E4-121",31.65,1.45588235294118
"E4",122,"E4-122",NA,0
"E4",123,"E4-123",NA,0
"E4",124,"E4-124",NA,0
"E4",125,"E4-125",NA,0
"E4",126,"E4-126",NA,0
"E4",127,"E4-127",NA,0
"E4",128,"E4-128",NA,0
"E4",129,"E4-129",NA,0
"E4",130,"E4-130",NA,0
"E4",131,"E4-131",NA,0
"E4",132,"E4-132",NA,0
"E4",133,"E4-133",NA,0
"E4",134,"E4-134",NA,0
"E4",135,"E4-135",NA,0
"E4",136,"E4-136",NA,0
"E4",137,"E4-137",NA,0
"E4",138,"E4-138",NA,0
"E4",139,"E4-139",NA,0
"E4",140,"E4-140",NA,0
"E4",141,"E4-141",NA,0
"E4",142,"E4-142",NA,0
"E4",143,"E4-143",NA,0
"E4",144,"E4-144",NA,0
"E4",145,"E4-145",NA,0
"E4",146,"E4-146",NA,0
"E4",147,"E4-147",NA,0
"E4",148,"E4-148",NA,0
"E4",149,"E4-149",NA,0
"E4",150,"E4-150",NA,0
"E4",151,"E4-151",NA,0
"E4",152,"E4-152",NA,0
"E4",153,"E4-153",NA,0
"E4",154,"E4-154",NA,0
"E4",155,"E4-155",NA,0
"E4",156,"E4-156",NA,0
"E4",157,"E4-157",NA,0
"E4",158,"E4-158",NA,0
"E4",159,"E4-159",NA,0
"E4",160,"E4-160",NA,0
"E4",161,"E4-161",NA,0
"E4",162,"E4-162",NA,0
"E4",163,"E4-163",NA,0
"E4",164,"E4-164",NA,0
"E4",165,"E4-165",NA,0
"E4",166,"E4-166",NA,0
"E4",167,"E4-167",NA,0
"E4",168,"E4-168",NA,0
"E4",169,"E4-169",NA,0
"E4",170,"E4-170",31.25,1.05588235294118
"E4",171,"E4-171",NA,0
"E4",172,"E4-172",NA,0
"E4",173,"E4-173",NA,0
"E4",174,"E4-174",NA,0
"E4",175,"E4-175",29.62,0
"E4",176,"E4-176",NA,0
"E4",177,"E4-177",30.41,0.215882352941179
"E4",178,"E4-178",NA,0
"E4",179,"E4-179",NA,0
"E4",180,"E4-180",NA,0
"E4",181,"E4-181",NA,0
"E4",182,"E4-182",NA,0
"E4",183,"E4-183",NA,0
"E4",184,"E4-184",NA,0
"E4",185,"E4-185",NA,0
"E4",186,"E4-186",NA,0
"E4",187,"E4-187",NA,0
"E4",188,"E4-188",NA,0
"E4",189,"E4-189",NA,0
"E4",190,"E4-190",NA,0
"E4",191,"E4-191",30.69,0.49588235294118
"E4",192,"E4-192",NA,0
"E4",193,"E4-193",NA,0
"E4",194,"E4-194",NA,0
"E4",195,"E4-195",NA,0
"E4",196,"E4-196",NA,0
"E4",197,"E4-197",NA,0
"E4",198,"E4-198",32.5,2.30588235294118
"E4",199,"E4-199",NA,0
"E4",200,"E4-200",31.73,1.53588235294118
"E4",201,"E4-201",30.89,0.69588235294118
"E5",1,"E5-1",NA,0
"E5",2,"E5-2",NA,0
"E5",3,"E5-3",NA,0
"E5",4,"E5-4",NA,0
"E5",5,"E5-5",NA,0
"E5",6,"E5-6",NA,0
"E5",7,"E5-7",NA,0
"E5",8,"E5-8",NA,0
"E5",9,"E5-9",31.91,1.71588235294118
"E5",10,"E5-10",NA,0
"E5",11,"E5-11",29.65,0
"E5",12,"E5-12",30.27,0.0758823529411785
"E5",13,"E5-13",30.42,0.225882352941181
"E5",14,"E5-14",NA,0
"E5",15,"E5-15",NA,0
"E5",16,"E5-16",NA,0
"E5",17,"E5-17",NA,0
"E5",18,"E5-18",NA,0
"E5",19,"E5-19",NA,0
"E5",20,"E5-20",NA,0
"E5",21,"E5-21",NA,0
"E5",22,"E5-22",NA,0
"E5",23,"E5-23",NA,0
"E5",24,"E5-24",NA,0
"E5",25,"E5-25",NA,0
"E5",26,"E5-26",NA,0
"E5",27,"E5-27",NA,0
"E5",28,"E5-28",NA,0
"E5",29,"E5-29",NA,0
"E5",30,"E5-30",NA,0
"E5",31,"E5-31",NA,0
"E5",32,"E5-32",NA,0
"E5",33,"E5-33",NA,0
"E5",34,"E5-34",NA,0
"E5",35,"E5-35",NA,0
"E5",36,"E5-36",NA,0
"E5",37,"E5-37",NA,0
"E5",38,"E5-38",NA,0
"E5",39,"E5-39",NA,0
"E5",40,"E5-40",NA,0
"E5",41,"E5-41",NA,0
"E5",42,"E5-42",NA,0
"E5",43,"E5-43",NA,0
"E5",44,"E5-44",NA,0
"E5",45,"E5-45",NA,0
"E5",46,"E5-46",NA,0
"E5",47,"E5-47",NA,0
"E5",48,"E5-48",29.55,0
"E5",49,"E5-49",NA,0
"E5",50,"E5-50",NA,0
"E5",51,"E5-51",NA,0
"E5",52,"E5-52",NA,0
"E5",53,"E5-53",NA,0
"E5",54,"E5-54",NA,0
"E5",55,"E5-55",NA,0
"E5",56,"E5-56",31.21,1.01588235294118
"E5",57,"E5-57",NA,0
"E5",58,"E5-58",NA,0
"E5",59,"E5-59",NA,0
"E5",60,"E5-60",NA,0
"E5",61,"E5-61",30.96,0.76588235294118
"E5",62,"E5-62",NA,0
"E5",63,"E5-63",NA,0
"E5",64,"E5-64",NA,0
"E5",65,"E5-65",NA,0
"E5",66,"E5-66",29.88,0
"E5",67,"E5-67",NA,0
"E5",68,"E5-68",NA,0
"E5",69,"E5-69",NA,0
"E5",70,"E5-70",NA,0
"E5",71,"E5-71",NA,0
"E5",72,"E5-72",NA,0
"E5",73,"E5-73",NA,0
"E5",74,"E5-74",NA,0
"E5",75,"E5-75",31.14,0.94588235294118
"E5",76,"E5-76",NA,0
"E5",77,"E5-77",NA,0
"E5",78,"E5-78",NA,0
"E5",79,"E5-79",30.03,0
"E5",80,"E5-80",NA,0
"E5",81,"E5-81",NA,0
"E5",82,"E5-82",NA,0
"E5",83,"E5-83",NA,0
"E5",84,"E5-84",NA,0
"E5",85,"E5-85",33.46,3.26588235294118
"E5",86,"E5-86",NA,0
"E5",87,"E5-87",NA,0
"E5",88,"E5-88",NA,0
"E5",89,"E5-89",NA,0
"E5",90,"E5-90",NA,0
"E5",91,"E5-91",31,0.805882352941179
"E5",92,"E5-92",NA,0
"E5",93,"E5-93",NA,0
"E5",94,"E5-94",30.92,0.725882352941181
"E5",95,"E5-95",30.45,0.255882352941178
"E5",96,"E5-96",NA,0
"E5",97,"E5-97",NA,0
"E5",98,"E5-98",29.9,0
"E5",99,"E5-99",NA,0
"E5",100,"E5-100",32.88,2.68588235294118
"E5",101,"E5-101",37.74,7.54588235294118
"E5",102,"E5-102",32.2,2.00588235294118
"E5",103,"E5-103",41.53,11.3358823529412
"E5",104,"E5-104",31.19,0.99588235294118
"E5",105,"E5-105",NA,0
"E5",106,"E5-106",NA,0
"E5",107,"E5-107",NA,0
"E5",108,"E5-108",NA,0
"E5",109,"E5-109",30.64,0.44588235294118
"E5",110,"E5-110",NA,0
"E5",111,"E5-111",32.8,2.60588235294118
"E5",112,"E5-112",NA,0
"E5",113,"E5-113",35,4.80588235294118
"E5",114,"E5-114",NA,0
"E5",115,"E5-115",32.89,2.69588235294118
"E5",116,"E5-116",NA,0
"E5",117,"E5-117",29.41,0
"E5",118,"E5-118",NA,0
"E5",119,"E5-119",NA,0
"E5",120,"E5-120",NA,0
"E5",121,"E5-121",NA,0
"E5",122,"E5-122",NA,0
"E5",123,"E5-123",NA,0
"E5",124,"E5-124",31.97,1.77588235294118
"E5",125,"E5-125",NA,0
"E5",126,"E5-126",NA,0
"E5",127,"E5-127",NA,0
"E5",128,"E5-128",NA,0
"E5",129,"E5-129",NA,0
"E5",130,"E5-130",NA,0
"E5",131,"E5-131",30.44,0.24588235294118
"E5",132,"E5-132",NA,0
"E5",133,"E5-133",NA,0
"E5",134,"E5-134",NA,0
"E5",135,"E5-135",NA,0
"E5",136,"E5-136",NA,0
"E5",137,"E5-137",NA,0
"E5",138,"E5-138",NA,0
"E5",139,"E5-139",NA,0
"E5",140,"E5-140",NA,0
"E5",141,"E5-141",NA,0
"E5",142,"E5-142",NA,0
"E5",143,"E5-143",NA,0
"E5",144,"E5-144",NA,0
"E5",145,"E5-145",NA,0
"E5",146,"E5-146",NA,0
"E5",147,"E5-147",NA,0
"E5",148,"E5-148",NA,0
"E5",149,"E5-149",NA,0
"E5",150,"E5-150",NA,0
"E5",151,"E5-151",NA,0
"E5",152,"E5-152",NA,0
"E5",153,"E5-153",30.66,0.465882352941179
"E5",154,"E5-154",NA,0
"E5",155,"E5-155",NA,0
"E5",156,"E5-156",NA,0
"E5",157,"E5-157",NA,0
"E5",158,"E5-158",NA,0
"E5",159,"E5-159",NA,0
"E5",160,"E5-160",NA,0
"E5",161,"E5-161",NA,0
"E5",162,"E5-162",NA,0
"E5",163,"E5-163",NA,0
"E5",164,"E5-164",NA,0
"E5",165,"E5-165",NA,0
"E5",166,"E5-166",NA,0
"E5",167,"E5-167",NA,0
"E5",168,"E5-168",NA,0
"E5",169,"E5-169",NA,0
"E5",170,"E5-170",NA,0
"E5",171,"E5-171",NA,0
"E5",172,"E5-172",NA,0
"E5",173,"E5-173",NA,0
"E5",174,"E5-174",NA,0
"E5",175,"E5-175",NA,0
"E5",176,"E5-176",NA,0
"E5",177,"E5-177",NA,0
"E5",178,"E5-178",NA,0
"E5",179,"E5-179",NA,0
"E5",180,"E5-180",NA,0
"E5",181,"E5-181",NA,0
"E5",182,"E5-182",NA,0
"E5",183,"E5-183",NA,0
"E5",184,"E5-184",NA,0
"E5",185,"E5-185",NA,0
"E5",186,"E5-186",NA,0
"E5",187,"E5-187",NA,0
"E5",188,"E5-188",NA,0
"E5",189,"E5-189",NA,0
"E5",190,"E5-190",NA,0
"E5",191,"E5-191",NA,0
"E5",192,"E5-192",NA,0
"E5",193,"E5-193",NA,0
"E5",194,"E5-194",NA,0
"E5",195,"E5-195",NA,0
"E5",196,"E5-196",NA,0
"E5",197,"E5-197",NA,0
"E5",198,"E5-198",NA,0
"E5",199,"E5-199",NA,0
"E5",200,"E5-200",30.3,0.10588235294118
"E6",1,"E6-1",53.89,23.6958823529412
"E6",2,"E6-2",30.99,0.795882352941177
"E6",3,"E6-3",28.78,0
"E6",4,"E6-4",30.5,0.305882352941179
"E6",5,"E6-5",53.7,23.5058823529412
"E6",6,"E6-6",38.99,8.79588235294118
"E6",7,"E6-7",32.17,1.97588235294118
"E6",8,"E6-8",33.47,3.27588235294118
"E6",9,"E6-9",33.76,3.56588235294118
"E6",10,"E6-10",29.33,0
"E6",11,"E6-11",50.83,20.6358823529412
"E6",12,"E6-12",32.98,2.78588235294118
"E6",13,"E6-13",31.91,1.71588235294118
"E6",14,"E6-14",41.15,10.9558823529412
"E6",15,"E6-15",35.91,5.71588235294118
"E6",16,"E6-16",53.36,23.1658823529412
"E6",17,"E6-17",36.41,6.21588235294118
"E6",18,"E6-18",38.24,8.04588235294118
"E6",19,"E6-19",45.69,15.4958823529412
"E6",20,"E6-20",36.22,6.02588235294118
"E6",21,"E6-21",40.82,10.6258823529412
"E6",22,"E6-22",37.64,7.44588235294118
"E6",23,"E6-23",35.53,5.33588235294118
"E6",24,"E6-24",31.15,0.955882352941178
"E6",25,"E6-25",33.65,3.45588235294118
"E6",26,"E6-26",35.38,5.18588235294118
"E6",27,"E6-27",30.93,0.735882352941179
"E6",28,"E6-28",50.21,20.0158823529412
"E6",29,"E6-29",33.08,2.88588235294118
"E6",30,"E6-30",36.54,6.34588235294118
"E6",31,"E6-31",41.6,11.4058823529412
"E6",32,"E6-32",31.4,1.20588235294118
"E6",33,"E6-33",36.94,6.74588235294118
"E6",34,"E6-34",32.91,2.71588235294118
"E6",35,"E6-35",41.36,11.1658823529412
"E6",36,"E6-36",44.78,14.5858823529412
"E6",37,"E6-37",32.33,2.13588235294118
"E6",38,"E6-38",37.07,6.87588235294118
"E6",39,"E6-39",37.06,6.86588235294118
"E6",40,"E6-40",32.01,1.81588235294118
"E6",41,"E6-41",30.86,0.665882352941178
"E6",42,"E6-42",31.63,1.43588235294118
"E6",43,"E6-43",36.36,6.16588235294118
"E6",44,"E6-44",30.16,0
"E6",45,"E6-45",32.72,2.52588235294118
"E6",46,"E6-46",53.18,22.9858823529412
"E6",47,"E6-47",32.79,2.59588235294118
"E6",48,"E6-48",35.2,5.00588235294118
"E6",49,"E6-49",38.82,8.62588235294118
"E6",50,"E6-50",43.11,12.9158823529412
"E6",51,"E6-51",53.73,23.5358823529412
"E6",52,"E6-52",33.68,3.48588235294118
"E6",53,"E6-53",41.22,11.0258823529412
"E6",54,"E6-54",31.8,1.60588235294118
"E6",55,"E6-55",31.66,1.46588235294118
"E6",56,"E6-56",39.18,8.98588235294118
"E6",57,"E6-57",32.41,2.21588235294118
"E6",58,"E6-58",45.11,14.9158823529412
"E6",59,"E6-59",41.39,11.1958823529412
"E6",60,"E6-60",30.55,0.35588235294118
"E6",61,"E6-61",41.11,10.9158823529412
"E6",62,"E6-62",37.29,7.09588235294118
"E6",63,"E6-63",52.16,21.9658823529412
"E6",64,"E6-64",29.3,0
"E6",65,"E6-65",35.81,5.61588235294118
"E6",66,"E6-66",37.28,7.08588235294118
"E6",67,"E6-67",41.47,11.2758823529412
"E6",68,"E6-68",47.37,17.1758823529412
"E6",69,"E6-69",31.67,1.47588235294118
"E6",70,"E6-70",31.89,1.69588235294118
"E6",71,"E6-71",43.94,13.7458823529412
"E6",72,"E6-72",34.3,4.10588235294118
"E6",73,"E6-73",45.98,15.7858823529412
"E6",74,"E6-74",30.09,0
"E6",75,"E6-75",35.92,5.72588235294118
"E6",76,"E6-76",32.03,1.83588235294118
"E6",77,"E6-77",36.58,6.38588235294118
"E6",78,"E6-78",37.93,7.73588235294118
"E6",79,"E6-79",44.97,14.7758823529412
"E6",80,"E6-80",29.63,0
"E6",81,"E6-81",37.57,7.37588235294118
"E6",82,"E6-82",31.09,0.895882352941179
"E6",83,"E6-83",41.62,11.4258823529412
"E6",84,"E6-84",35.64,5.44588235294118
"E6",85,"E6-85",35.76,5.56588235294118
"E6",86,"E6-86",48.06,17.8658823529412
"E6",87,"E6-87",30.61,0.415882352941178
"E6",88,"E6-88",32.04,1.84588235294118
"E6",89,"E6-89",56.78,26.5858823529412
"E6",90,"E6-90",35.8,5.60588235294118
"E6",91,"E6-91",29.34,0
"E6",92,"E6-92",35.18,4.98588235294118
"E6",93,"E6-93",35.12,4.92588235294118
"E6",94,"E6-94",29.95,0
"E6",95,"E6-95",44.02,13.8258823529412
"E6",96,"E6-96",37.12,6.92588235294118
"E6",97,"E6-97",30.45,0.255882352941178
"E6",98,"E6-98",58.9,28.7058823529412
"E6",99,"E6-99",90.81,60.6158823529412
"E6",100,"E6-100",77.8,47.6058823529412
"E6",101,"E6-101",49.7,19.5058823529412
"E6",102,"E6-102",32.26,2.06588235294118
"E6",103,"E6-103",30.12,0
"E6",104,"E6-104",36.58,6.38588235294118
"E6",105,"E6-105",41.81,11.6158823529412
"E6",106,"E6-106",37.2,7.00588235294118
"E6",107,"E6-107",31.94,1.74588235294118
"E6",108,"E6-108",48.54,18.3458823529412
"E6",109,"E6-109",36.62,6.42588235294118
"E6",110,"E6-110",32.02,1.82588235294118
"E6",111,"E6-111",33.86,3.66588235294118
"E6",112,"E6-112",34.7,4.50588235294118
"E6",113,"E6-113",35.83,5.63588235294118
"E6",114,"E6-114",32.62,2.42588235294118
"E6",115,"E6-115",35.97,5.77588235294118
"E6",116,"E6-116",35.37,5.17588235294118
"E6",117,"E6-117",30.78,0.58588235294118
"E6",118,"E6-118",30.39,0.19588235294118
"E6",119,"E6-119",34.68,4.48588235294118
"E6",120,"E6-120",35.46,5.26588235294118
"E6",121,"E6-121",34,3.80588235294118
"E6",122,"E6-122",31.56,1.36588235294118
"E6",123,"E6-123",34.43,4.23588235294118
"E6",124,"E6-124",33.48,3.28588235294118
"E6",125,"E6-125",33.1,2.90588235294118
"E6",126,"E6-126",29.14,0
"E6",127,"E6-127",28.97,0
"E6",128,"E6-128",36.54,6.34588235294118
"E6",129,"E6-129",30.85,0.65588235294118
"E6",130,"E6-130",44.46,14.2658823529412
"E6",131,"E6-131",36.2,6.00588235294118
"E6",132,"E6-132",36.1,5.90588235294118
"E6",133,"E6-133",35.81,5.61588235294118
"E6",134,"E6-134",29.17,0
"E6",135,"E6-135",32.85,2.65588235294118
"E6",136,"E6-136",38.31,8.11588235294118
"E6",137,"E6-137",31.38,1.18588235294118
"E6",138,"E6-138",36.36,6.16588235294118
"E6",139,"E6-139",29.44,0
"E6",140,"E6-140",36.32,6.12588235294118
"E6",141,"E6-141",37.77,7.57588235294118
"E6",142,"E6-142",33.92,3.72588235294118
"E6",143,"E6-143",54.62,24.4258823529412
"E6",144,"E6-144",33.18,2.98588235294118
"E6",145,"E6-145",29.6,0
"E6",146,"E6-146",30.57,0.375882352941179
"E6",147,"E6-147",34.83,4.63588235294118
"E6",148,"E6-148",37.53,7.33588235294118
"E6",149,"E6-149",33.45,3.25588235294118
"E6",150,"E6-150",31.41,1.21588235294118
"E6",151,"E6-151",32.39,2.19588235294118
"E6",152,"E6-152",34.16,3.96588235294118
"E6",153,"E6-153",41.04,10.8458823529412
"E6",154,"E6-154",31.14,0.94588235294118
"E6",155,"E6-155",65.04,34.8458823529412
"E6",156,"E6-156",32.51,2.31588235294118
"E6",157,"E6-157",40.78,10.5858823529412
"E6",158,"E6-158",30.89,0.69588235294118
"E6",159,"E6-159",31.23,1.03588235294118
"E6",160,"E6-160",41.65,11.4558823529412
"E6",161,"E6-161",34.75,4.55588235294118
"E6",162,"E6-162",34.94,4.74588235294118
"E6",163,"E6-163",43.33,13.1358823529412
"E6",164,"E6-164",32.93,2.73588235294118
"E6",165,"E6-165",34.36,4.16588235294118
"E6",166,"E6-166",32.92,2.72588235294118
"E6",167,"E6-167",32.86,2.66588235294118
"E6",168,"E6-168",32.86,2.66588235294118
"E6",169,"E6-169",34.24,4.04588235294118
"E6",170,"E6-170",30.19,0
"E6",171,"E6-171",38.64,8.44588235294118
"E6",172,"E6-172",54.63,24.4358823529412
"E6",173,"E6-173",48.24,18.0458823529412
"E6",174,"E6-174",31.32,1.12588235294118
"E6",175,"E6-175",35.69,5.49588235294118
"E6",176,"E6-176",30.05,0
"E6",177,"E6-177",31.9,1.70588235294118
"E6",178,"E6-178",38.46,8.26588235294118
"E6",179,"E6-179",31.11,0.915882352941178
"E6",180,"E6-180",31.03,0.83588235294118
"E6",181,"E6-181",36.81,6.61588235294118
"E6",182,"E6-182",34.85,4.65588235294118
"E6",183,"E6-183",35.03,4.83588235294118
"E6",184,"E6-184",32.74,2.54588235294118
"E6",185,"E6-185",30.35,0.15588235294118
"E6",186,"E6-186",34.46,4.26588235294118
"E6",187,"E6-187",30.14,0
"E6",188,"E6-188",43.1,12.9058823529412
"E6",189,"E6-189",32.42,2.22588235294118
"E6",190,"E6-190",36.36,6.16588235294118
"E6",191,"E6-191",30.96,0.76588235294118
"E6",192,"E6-192",36.3,6.10588235294118
"E6",193,"E6-193",30.73,0.535882352941179
"E6",194,"E6-194",33.57,3.37588235294118
"E6",195,"E6-195",33.45,3.25588235294118
"E6",196,"E6-196",32.76,2.56588235294118
"E6",197,"E6-197",37.38,7.18588235294118
"E6",198,"E6-198",42.05,11.8558823529412
"E6",199,"E6-199",32.06,1.86588235294118
"E6",200,"E6-200",32.91,2.71588235294118
"E9",1,"E9-1",30.32,0.125882352941179
"E9",2,"E9-2",33.33,3.13588235294118
"E9",3,"E9-3",31.27,1.07588235294118
"E9",4,"E9-4",30.4,0.205882352941178
"E9",5,"E9-5",NA,0
"E9",6,"E9-6",NA,0
"E9",7,"E9-7",NA,0
"E9",8,"E9-8",31.16,0.965882352941179
"E9",9,"E9-9",30.36,0.165882352941178
"E9",10,"E9-10",NA,0
"E9",11,"E9-11",NA,0
"E9",12,"E9-12",NA,0
"E9",13,"E9-13",31,0.805882352941179
"E9",14,"E9-14",30.78,0.58588235294118
"E9",15,"E9-15",NA,0
"E9",16,"E9-16",36.08,5.88588235294118
"E9",17,"E9-17",34.09,3.89588235294118
"E9",18,"E9-18",NA,0
"E9",19,"E9-19",NA,0
"E9",20,"E9-20",30.53,0.33588235294118
"E9",21,"E9-21",NA,0
"E9",22,"E9-22",NA,0
"E9",23,"E9-23",31.96,1.76588235294118
"E9",24,"E9-24",NA,0
"E9",25,"E9-25",NA,0
"E9",26,"E9-26",NA,0
"E9",27,"E9-27",NA,0
"E9",28,"E9-28",NA,0
"E9",29,"E9-29",NA,0
"E9",30,"E9-30",NA,0
"E9",31,"E9-31",NA,0
"E9",32,"E9-32",NA,0
"E9",33,"E9-33",NA,0
"E9",34,"E9-34",NA,0
"E9",35,"E9-35",NA,0
"E9",36,"E9-36",NA,0
"E9",37,"E9-37",NA,0
"E9",38,"E9-38",NA,0
"E9",39,"E9-39",NA,0
"E9",40,"E9-40",NA,0
"E9",41,"E9-41",NA,0
"E9",42,"E9-42",NA,0
"E9",43,"E9-43",NA,0
"E9",44,"E9-44",NA,0
"E9",45,"E9-45",NA,0
"E9",46,"E9-46",NA,0
"E9",47,"E9-47",NA,0
"E9",48,"E9-48",NA,0
"E9",49,"E9-49",NA,0
"E9",50,"E9-50",NA,0
"E9",51,"E9-51",NA,0
"E9",52,"E9-52",NA,0
"E9",53,"E9-53",NA,0
"E9",54,"E9-54",NA,0
"E9",55,"E9-55",NA,0
"E9",56,"E9-56",NA,0
"E9",57,"E9-57",NA,0
"E9",58,"E9-58",NA,0
"E9",59,"E9-59",NA,0
"E9",60,"E9-60",NA,0
"E9",61,"E9-61",NA,0
"E9",62,"E9-62",NA,0
"E9",63,"E9-63",NA,0
"E9",64,"E9-64",NA,0
"E9",65,"E9-65",NA,0
"E9",66,"E9-66",NA,0
"E9",67,"E9-67",NA,0
"E9",68,"E9-68",NA,0
"E9",69,"E9-69",NA,0
"E9",70,"E9-70",NA,0
"E9",71,"E9-71",NA,0
"E9",72,"E9-72",NA,0
"E9",73,"E9-73",NA,0
"E9",74,"E9-74",NA,0
"E9",75,"E9-75",NA,0
"E9",76,"E9-76",NA,0
"E9",77,"E9-77",NA,0
"E9",78,"E9-78",NA,0
"E9",79,"E9-79",NA,0
"E9",80,"E9-80",NA,0
"E9",81,"E9-81",NA,0
"E9",82,"E9-82",NA,0
"E9",83,"E9-83",NA,0
"E9",84,"E9-84",NA,0
"E9",85,"E9-85",NA,0
"E9",86,"E9-86",NA,0
"E9",87,"E9-87",NA,0
"E9",88,"E9-88",NA,0
"E9",89,"E9-89",NA,0
"E9",90,"E9-90",NA,0
"E9",91,"E9-91",NA,0
"E9",92,"E9-92",NA,0
"E9",93,"E9-93",NA,0
"E9",94,"E9-94",NA,0
"E9",95,"E9-95",NA,0
"E9",96,"E9-96",NA,0
"E9",97,"E9-97",NA,0
"E9",98,"E9-98",NA,0
"E9",99,"E9-99",NA,0
"E9",100,"E9-100",NA,0
"E9",101,"E9-101",NA,0
"E9",102,"E9-102",NA,0
"E9",103,"E9-103",NA,0
"E9",104,"E9-104",NA,0
"E9",105,"E9-105",NA,0
"E9",106,"E9-106",NA,0
"E9",107,"E9-107",NA,0
"E9",108,"E9-108",NA,0
"E9",109,"E9-109",NA,0
"E9",110,"E9-110",NA,0
"E9",111,"E9-111",NA,0
"E9",112,"E9-112",NA,0
"E9",113,"E9-113",NA,0
"E9",114,"E9-114",NA,0
"E9",115,"E9-115",NA,0
"E9",116,"E9-116",NA,0
"E9",117,"E9-117",NA,0
"E9",118,"E9-118",NA,0
"E9",119,"E9-119",NA,0
"E9",120,"E9-120",NA,0
"E9",121,"E9-121",NA,0
"E9",122,"E9-122",NA,0
"E9",123,"E9-123",NA,0
"E9",124,"E9-124",NA,0
"E9",125,"E9-125",NA,0
"E9",126,"E9-126",NA,0
"E9",127,"E9-127",NA,0
"E9",128,"E9-128",NA,0
"E9",129,"E9-129",NA,0
"E9",130,"E9-130",NA,0
"E9",131,"E9-131",NA,0
"E9",132,"E9-132",NA,0
"E9",133,"E9-133",NA,0
"E9",134,"E9-134",NA,0
"E9",135,"E9-135",NA,0
"E9",136,"E9-136",NA,0
"E9",137,"E9-137",NA,0
"E9",138,"E9-138",NA,0
"E9",139,"E9-139",NA,0
"E9",140,"E9-140",NA,0
"E9",141,"E9-141",NA,0
"E9",142,"E9-142",NA,0
"E9",143,"E9-143",NA,0
"E9",144,"E9-144",NA,0
"E9",145,"E9-145",NA,0
"E9",146,"E9-146",NA,0
"E9",147,"E9-147",NA,0
"E9",148,"E9-148",NA,0
"E9",149,"E9-149",NA,0
"E9",150,"E9-150",NA,0
"E9",151,"E9-151",NA,0
"E9",152,"E9-152",NA,0
"E9",153,"E9-153",NA,0
"E9",154,"E9-154",NA,0
"E9",155,"E9-155",NA,0
"E9",156,"E9-156",NA,0
"E9",157,"E9-157",NA,0
"E9",158,"E9-158",NA,0
"E9",159,"E9-159",NA,0
"E9",160,"E9-160",NA,0
"E9",161,"E9-161",NA,0
"E9",162,"E9-162",NA,0
"E9",163,"E9-163",NA,0
"E9",164,"E9-164",NA,0
"E9",165,"E9-165",NA,0
"E9",166,"E9-166",NA,0
"E9",167,"E9-167",NA,0
"E9",168,"E9-168",NA,0
"E9",169,"E9-169",NA,0
"E9",170,"E9-170",NA,0
"E9",171,"E9-171",NA,0
"E9",172,"E9-172",NA,0
"E9",173,"E9-173",NA,0
"E9",174,"E9-174",NA,0
"E9",175,"E9-175",30.45,0.255882352941178
"E9",176,"E9-176",NA,0
"E9",177,"E9-177",30.62,0.42588235294118
"E9",178,"E9-178",NA,0
"E9",179,"E9-179",NA,0
"E9",180,"E9-180",30.51,0.31588235294118
"E9",181,"E9-181",NA,0
"E9",182,"E9-182",NA,0
"E9",183,"E9-183",33.29,3.09588235294118
"E9",184,"E9-184",30.71,0.51588235294118
"E9",185,"E9-185",31.4,1.20588235294118
"E9",186,"E9-186",30.05,0
"E9",187,"E9-187",NA,0
"E9",188,"E9-188",NA,0
"E9",189,"E9-189",NA,0
"E9",190,"E9-190",NA,0
"E9",191,"E9-191",30.59,0.395882352941179
"E9",192,"E9-192",NA,0
"E9",193,"E9-193",NA,0
"E9",194,"E9-194",NA,0
"E9",195,"E9-195",NA,0
"E9",196,"E9-196",NA,0
"E9",197,"E9-197",NA,0
"E9",198,"E9-198",NA,0
"E9",199,"E9-199",30.51,0.31588235294118
"E9",200,"E9-200",NA,0
"E9",201,"E9-201",32.77,2.57588235294118
"E9",202,"E9-202",NA,0
"E10",1,"E10-1",35.57,5.37588235294118
"E10",2,"E10-2",41.82,11.6258823529412
"E10",3,"E10-3",54.02,23.8258823529412
"E10",4,"E10-4",29.97,0
"E10",5,"E10-5",32.63,2.43588235294118
"E10",6,"E10-6",36.03,5.83588235294118
"E10",7,"E10-7",31.16,0.965882352941179
"E10",8,"E10-8",36.75,6.55588235294118
"E10",9,"E10-9",33.17,2.97588235294118
"E10",10,"E10-10",33.96,3.76588235294118
"E10",11,"E10-11",40.82,10.6258823529412
"E10",12,"E10-12",31,0.805882352941179
"E10",13,"E10-13",41.74,11.5458823529412
"E10",14,"E10-14",32.32,2.12588235294118
"E10",15,"E10-15",38.22,8.02588235294118
"E10",16,"E10-16",38.91,8.71588235294118
"E10",17,"E10-17",33.12,2.92588235294118
"E10",18,"E10-18",33.38,3.18588235294118
"E10",19,"E10-19",39.61,9.41588235294118
"E10",20,"E10-20",31.76,1.56588235294118
"E10",21,"E10-21",31.46,1.26588235294118
"E10",22,"E10-22",34.02,3.82588235294118
"E10",23,"E10-23",31.91,1.71588235294118
"E10",24,"E10-24",30.43,0.235882352941179
"E10",25,"E10-25",33.05,2.85588235294118
"E10",26,"E10-26",31.15,0.955882352941178
"E10",27,"E10-27",31.39,1.19588235294118
"E10",28,"E10-28",31.98,1.78588235294118
"E10",29,"E10-29",33.27,3.07588235294118
"E10",30,"E10-30",31.48,1.28588235294118
"E10",31,"E10-31",31.54,1.34588235294118
"E10",32,"E10-32",30.43,0.235882352941179
"E10",33,"E10-33",39.99,9.79588235294118
"E10",34,"E10-34",33.07,2.87588235294118
"E10",35,"E10-35",46.63,16.4358823529412
"E10",36,"E10-36",30.94,0.74588235294118
"E10",37,"E10-37",32.52,2.32588235294118
"E10",38,"E10-38",33.88,3.68588235294118
"E10",39,"E10-39",31.2,1.00588235294118
"E10",40,"E10-40",31.04,0.845882352941178
"E10",41,"E10-41",37.26,7.06588235294118
"E10",42,"E10-42",31.59,1.39588235294118
"E10",43,"E10-43",31.62,1.42588235294118
"E10",44,"E10-44",31.42,1.22588235294118
"E10",45,"E10-45",32.51,2.31588235294118
"E10",46,"E10-46",33.56,3.36588235294118
"E10",47,"E10-47",29.6,0
"E10",48,"E10-48",40.82,10.6258823529412
"E10",49,"E10-49",32.62,2.42588235294118
"E10",50,"E10-50",32.82,2.62588235294118
"E10",51,"E10-51",35.59,5.39588235294118
"E10",52,"E10-52",31.11,0.915882352941178
"E10",53,"E10-53",32.35,2.15588235294118
"E10",54,"E10-54",32.07,1.87588235294118
"E10",55,"E10-55",32.49,2.29588235294118
"E10",56,"E10-56",36.47,6.27588235294118
"E10",57,"E10-57",31.77,1.57588235294118
"E10",58,"E10-58",34.22,4.02588235294118
"E10",59,"E10-59",30.11,0
"E10",60,"E10-60",36.05,5.85588235294118
"E10",61,"E10-61",32.91,2.71588235294118
"E10",62,"E10-62",33.28,3.08588235294118
"E10",63,"E10-63",42.08,11.8858823529412
"E10",64,"E10-64",36.66,6.46588235294118
"E10",65,"E10-65",33.36,3.16588235294118
"E10",66,"E10-66",30.07,0
"E10",67,"E10-67",43.28,13.0858823529412
"E10",68,"E10-68",32.86,2.66588235294118
"E10",69,"E10-69",30.27,0.0758823529411785
"E10",70,"E10-70",33.19,2.99588235294118
"E10",71,"E10-71",36.06,5.86588235294118
"E10",72,"E10-72",30.07,0
"E10",73,"E10-73",46.68,16.4858823529412
"E10",74,"E10-74",35.13,4.93588235294118
"E10",75,"E10-75",37.31,7.11588235294118
"E10",76,"E10-76",35.17,4.97588235294118
"E10",77,"E10-77",30.05,0
"E10",78,"E10-78",39.73,9.53588235294118
"E10",79,"E10-79",32.75,2.55588235294118
"E10",80,"E10-80",30.25,0.0558823529411789
"E10",81,"E10-81",32.22,2.02588235294118
"E10",82,"E10-82",30.23,0.0358823529411794
"E10",83,"E10-83",34.39,4.19588235294118
"E10",84,"E10-84",29.56,0
"E10",85,"E10-85",32.85,2.65588235294118
"E10",86,"E10-86",30.07,0
"E10",87,"E10-87",30.07,0
"E10",88,"E10-88",31.84,1.64588235294118
"E10",89,"E10-89",32.63,2.43588235294118
"E10",90,"E10-90",34.73,4.53588235294118
"E10",91,"E10-91",50.79,20.5958823529412
"E10",92,"E10-92",34.83,4.63588235294118
"E10",93,"E10-93",35.41,5.21588235294118
"E10",94,"E10-94",39.17,8.97588235294118
"E10",95,"E10-95",33.22,3.02588235294118
"E10",96,"E10-96",45.34,15.1458823529412
"E10",97,"E10-97",35.9,5.70588235294118
"E10",98,"E10-98",46.74,16.5458823529412
"E10",99,"E10-99",34.55,4.35588235294118
"E10",100,"E10-100",30.91,0.715882352941179
"E10",101,"E10-101",49.73,19.5358823529412
"E10",102,"E10-102",29.64,0
"E10",103,"E10-103",45.59,15.3958823529412
"E10",104,"E10-104",41.27,11.0758823529412
"E10",105,"E10-105",41.99,11.7958823529412
"E10",106,"E10-106",31.78,1.58588235294118
"E10",107,"E10-107",30.93,0.735882352941179
"E10",108,"E10-108",43.27,13.0758823529412
"E10",109,"E10-109",30.98,0.785882352941179
"E10",110,"E10-110",33.2,3.00588235294118
"E10",111,"E10-111",33.43,3.23588235294118
"E10",112,"E10-112",37.16,6.96588235294118
"E10",113,"E10-113",35.96,5.76588235294118
"E10",114,"E10-114",35.32,5.12588235294118
"E10",115,"E10-115",34.01,3.81588235294118
"E10",116,"E10-116",41.69,11.4958823529412
"E10",117,"E10-117",33.87,3.67588235294118
"E10",118,"E10-118",35.28,5.08588235294118
"E10",119,"E10-119",35.33,5.13588235294118
"E10",120,"E10-120",29.64,0
"E10",121,"E10-121",37.5,7.30588235294118
"E10",122,"E10-122",33.88,3.68588235294118
"E10",123,"E10-123",61.18,30.9858823529412
"E10",124,"E10-124",60.8,30.6058823529412
"E10",125,"E10-125",50.9,20.7058823529412
"E10",126,"E10-126",39.37,9.17588235294118
"E10",127,"E10-127",31.32,1.12588235294118
"E10",128,"E10-128",30.97,0.775882352941178
"E10",129,"E10-129",30.47,0.275882352941178
"E10",130,"E10-130",34.69,4.49588235294118
"E10",131,"E10-131",32.02,1.82588235294118
"E10",132,"E10-132",37.47,7.27588235294118
"E10",133,"E10-133",65.08,34.8858823529412
"E10",134,"E10-134",32.9,2.70588235294118
"E10",135,"E10-135",39.62,9.42588235294118
"E10",136,"E10-136",33.64,3.44588235294118
"E10",137,"E10-137",38.04,7.84588235294118
"E10",138,"E10-138",49.63,19.4358823529412
"E10",139,"E10-139",47.44,17.2458823529412
"E10",140,"E10-140",30.71,0.51588235294118
"E10",141,"E10-141",34.85,4.65588235294118
"E10",142,"E10-142",38.69,8.49588235294118
"E10",143,"E10-143",33.09,2.89588235294118
"E10",144,"E10-144",29.64,0
"E10",145,"E10-145",37.9,7.70588235294118
"E10",146,"E10-146",34.67,4.47588235294118
"E10",147,"E10-147",37.15,6.95588235294118
"E10",148,"E10-148",33.44,3.24588235294118
"E10",149,"E10-149",31.26,1.06588235294118
"E10",150,"E10-150",30.7,0.505882352941178
"E10",151,"E10-151",30.28,0.0858823529411801
"E10",152,"E10-152",31.93,1.73588235294118
"E10",153,"E10-153",67.67,37.4758823529412
"E10",154,"E10-154",33.48,3.28588235294118
"E10",155,"E10-155",38.67,8.47588235294118
"E10",156,"E10-156",34.84,4.64588235294118
"E10",157,"E10-157",39.9,9.70588235294118
"E10",158,"E10-158",37.41,7.21588235294118
"E10",159,"E10-159",30.06,0
"E10",160,"E10-160",30.22,0.0258823529411778
"E10",161,"E10-161",48.83,18.6358823529412
"E10",162,"E10-162",42.81,12.6158823529412
"E10",163,"E10-163",35.92,5.72588235294118
"E10",164,"E10-164",31.72,1.52588235294118
"E10",165,"E10-165",30.36,0.165882352941178
"E10",166,"E10-166",34.01,3.81588235294118
"E10",167,"E10-167",31.45,1.25588235294118
"E10",168,"E10-168",29.15,0
"E10",169,"E10-169",30.61,0.415882352941178
"E10",170,"E10-170",30.43,0.235882352941179
"E10",171,"E10-171",29.92,0
"E10",172,"E10-172",29.45,0
"E10",173,"E10-173",57.47,27.2758823529412
"E10",174,"E10-174",32.13,1.93588235294118
"E10",175,"E10-175",40.93,10.7358823529412
"E10",176,"E10-176",31.13,0.935882352941178
"E10",177,"E10-177",35.06,4.86588235294118
"E10",178,"E10-178",31.26,1.06588235294118
"E10",179,"E10-179",34.06,3.86588235294118
"E10",180,"E10-180",35.24,5.04588235294118
"E10",181,"E10-181",45.39,15.1958823529412
"E10",182,"E10-182",29.45,0
"E10",183,"E10-183",36.32,6.12588235294118
"E10",184,"E10-184",34.14,3.94588235294118
"E10",185,"E10-185",34.86,4.66588235294118
"E10",186,"E10-186",33.86,3.66588235294118
"E10",187,"E10-187",35.55,5.35588235294118
"E10",188,"E10-188",31.2,1.00588235294118
"E10",189,"E10-189",32.86,2.66588235294118
"E10",190,"E10-190",33.12,2.92588235294118
"E10",191,"E10-191",32.34,2.14588235294118
"E10",192,"E10-192",35.55,5.35588235294118
"E10",193,"E10-193",46.8,16.6058823529412
"E10",194,"E10-194",36.28,6.08588235294118
"E10",195,"E10-195",37.79,7.59588235294118
"E10",196,"E10-196",30.71,0.51588235294118
"E10",197,"E10-197",41.32,11.1258823529412
"E10",198,"E10-198",40.63,10.4358823529412
"E10",199,"E10-199",31.11,0.915882352941178
"E10",200,"E10-200",30.89,0.69588235294118
"E10",201,"E10-201",48.74,18.5458823529412
